,eventType,eventTypeGroup,eventClass, Events , fatalities , injuries , PropDamage , CropDamage 
415,AGRICULTURAL FREEZE,COLD WEATHER,WNTR STORM COLD,6, -   , -   , -   ,"28,820,000"
422,BITTER WIND CHILL,COLD WEATHER,WNTR STORM COLD,1, -   , -   , -   , -   
423,BITTER WIND CHILL TEMPERATURES,COLD WEATHER,WNTR STORM COLD,3, -   , -   , -   , -   
160,COLD,COLD WEATHER,WNTR STORM COLD,72,35,48,"500,000", -   
246,Cold,COLD WEATHER,WNTR STORM COLD,10,3, -   ,"54,000", -   
445,COLD AIR FUNNEL,COLD WEATHER,WNTR STORM COLD,4, -   , -   , -   , -   
446,COLD AIR FUNNELS,COLD WEATHER,WNTR STORM COLD,2, -   , -   , -   , -   
400,COLD AIR TORNADO,COLD WEATHER,WNTR STORM COLD,1, -   , -   ,50,50
447,COLD AND FROST,COLD WEATHER,WNTR STORM COLD,1, -   , -   , -   , -   
459,Cold and Frost,COLD WEATHER,WNTR STORM COLD,6, -   , -   , -   , -   
448,COLD AND SNOW,COLD WEATHER,WNTR STORM COLD,1,14, -   , -   , -   
449,COLD AND WET CONDITIONS,COLD WEATHER,WNTR STORM COLD,1, -   , -   , -   ,"66,000,000"
458,Cold Temperature,COLD WEATHER,WNTR STORM COLD,2,2, -   , -   , -   
450,COLD TEMPERATURES,COLD WEATHER,WNTR STORM COLD,4, -   , -   , -   , -   
451,COLD WAVE,COLD WEATHER,WNTR STORM COLD,3,3, -   , -   , -   
452,COLD WEATHER,COLD WEATHER,WNTR STORM COLD,4,5, -   , -   , -   
453,COLD WIND CHILL TEMPERATURES,COLD WEATHER,WNTR STORM COLD,6, -   , -   , -   , -   
111,COLD/WIND CHILL,COLD WEATHER,WNTR STORM COLD,539,95,12,"1,990,000","600,000"
454,COLD/WINDS,COLD WEATHER,WNTR STORM COLD,1,1, -   , -   , -   
80,DAMAGING FREEZE,COLD WEATHER,WNTR STORM COLD,6, -   , -   ,"8,000,000","262,100,000"
482,Damaging Freeze,COLD WEATHER,WNTR STORM COLD,2, -   , -   , -   ,"34,130,000"
484,EARLY FREEZE,COLD WEATHER,WNTR STORM COLD,1, -   , -   , -   , -   
485,EARLY FROST,COLD WEATHER,WNTR STORM COLD,1, -   , -   , -   , -   
501,Early Frost,COLD WEATHER,WNTR STORM COLD,1, -   , -   , -   ,"42,000,000"
503,Excessive Cold,COLD WEATHER,WNTR STORM COLD,2, -   , -   , -   , -   
217,Extended Cold,COLD WEATHER,WNTR STORM COLD,1,1, -   ,"100,000", -   
48,EXTREME COLD,COLD WEATHER,WNTR STORM COLD,655,160,231,"67,737,400","1,292,973,000"
504,Extreme Cold,COLD WEATHER,WNTR STORM COLD,2,2, -   , -   ,"20,000,000"
77,EXTREME COLD/WIND CHILL,COLD WEATHER,WNTR STORM COLD,"1,002",125,24,"8,648,000","50,000"
251,EXTREME WIND CHILL,COLD WEATHER,WNTR STORM COLD,6, -   , -   ,"50,000", -   
496,EXTREME WIND CHILL/BLOWING SNO,COLD WEATHER,WNTR STORM COLD,1, -   , -   , -   , -   
497,EXTREME WIND CHILLS,COLD WEATHER,WNTR STORM COLD,1, -   , -   , -   , -   
141,EXTREME WINDCHILL,COLD WEATHER,WNTR STORM COLD,204,17,5,"755,000","17,000,000"
498,EXTREME WINDCHILL TEMPERATURES,COLD WEATHER,WNTR STORM COLD,19, -   , -   , -   , -   
499,EXTREME/RECORD COLD,COLD WEATHER,WNTR STORM COLD,4, -   , -   , -   , -   
197,FREEZE,COLD WEATHER,WNTR STORM COLD,74,1, -   ,"205,000","446,225,000"
530,Freeze,COLD WEATHER,WNTR STORM COLD,2, -   , -   , -   ,"10,500,000"
233,FREEZING DRIZZLE,COLD WEATHER,WNTR STORM COLD,20,2,15,"75,000", -   
244,Freezing Drizzle,COLD WEATHER,WNTR STORM COLD,3, -   , -   ,"55,000", -   
307,Freezing drizzle,COLD WEATHER,WNTR STORM COLD,1, -   , -   ,"15,000", -   
517,FREEZING DRIZZLE AND FREEZING,COLD WEATHER,WNTR STORM COLD,1, -   , -   , -   , -   
109,FREEZING FOG,COLD WEATHER,WNTR STORM COLD,45, -   , -   ,"2,182,000", -   
531,Freezing Fog,COLD WEATHER,WNTR STORM COLD,1, -   , -   , -   , -   
78,FREEZING RAIN,COLD WEATHER,WNTR STORM COLD,250,7,23,"8,111,500", -   
280,Freezing Rain,COLD WEATHER,WNTR STORM COLD,7, -   , -   ,"35,000", -   
533,Freezing rain,COLD WEATHER,WNTR STORM COLD,3, -   , -   , -   , -   
518,FREEZING RAIN AND SLEET,COLD WEATHER,WNTR STORM COLD,6, -   , -   , -   , -   
519,FREEZING RAIN AND SNOW,COLD WEATHER,WNTR STORM COLD,1, -   , -   , -   , -   
520,FREEZING RAIN SLEET AND,COLD WEATHER,WNTR STORM COLD,1, -   , -   , -   , -   
521,FREEZING RAIN SLEET AND LIGHT,COLD WEATHER,WNTR STORM COLD,1, -   , -   , -   , -   
253,FREEZING RAIN/SLEET,COLD WEATHER,WNTR STORM COLD,9, -   , -   ,"50,000", -   
234,FREEZING RAIN/SNOW,COLD WEATHER,WNTR STORM COLD,4,1, -   ,"75,000", -   
532,Freezing Spray,COLD WEATHER,WNTR STORM COLD,1,1, -   , -   , -   
306,FROST,COLD WEATHER,WNTR STORM COLD,53,1,3,"15,000","66,000,000"
534,Frost,COLD WEATHER,WNTR STORM COLD,4, -   , -   , -   , -   
72,FROST/FREEZE,COLD WEATHER,WNTR STORM COLD,"1,342", -   , -   ,"9,480,000","1,094,086,000"
132,Frost/Freeze,COLD WEATHER,WNTR STORM COLD,1, -   , -   ,"1,000,000","100,000"
164,FROST\FREEZE,COLD WEATHER,WNTR STORM COLD,1, -   , -   ,"500,000", -   
561,HARD FREEZE,COLD WEATHER,WNTR STORM COLD,7, -   , -   , -   ,"13,100,000"
653,LATE FREEZE,COLD WEATHER,WNTR STORM COLD,1, -   , -   , -   , -   
204,LATE SEASON SNOW,COLD WEATHER,WNTR STORM COLD,1, -   , -   ,"180,000", -   
670,Late Season Snowfall,COLD WEATHER,WNTR STORM COLD,2, -   , -   , -   , -   
655,LATE SNOW,COLD WEATHER,WNTR STORM COLD,2, -   , -   , -   , -   
671,Late-season Snowfall,COLD WEATHER,WNTR STORM COLD,1, -   , -   , -   , -   
667,LOW TEMPERATURE,COLD WEATHER,WNTR STORM COLD,7,7, -   , -   , -   
668,LOW TEMPERATURE RECORD,COLD WEATHER,WNTR STORM COLD,1, -   , -   , -   , -   
669,LOW WIND CHILL,COLD WEATHER,WNTR STORM COLD,1, -   , -   , -   , -   
713,RECORD  COLD,COLD WEATHER,WNTR STORM COLD,1, -   , -   , -   , -   
51,RECORD COLD,COLD WEATHER,WNTR STORM COLD,64,1, -   ,"56,000,000", -   
744,Record Cold,COLD WEATHER,WNTR STORM COLD,3, -   , -   , -   , -   
714,RECORD COLD AND HIGH WIND,COLD WEATHER,WNTR STORM COLD,1, -   , -   , -   , -   
715,RECORD COLD/FROST,COLD WEATHER,WNTR STORM COLD,2, -   , -   , -   , -   
716,RECORD COOL,COLD WEATHER,WNTR STORM COLD,5, -   , -   , -   , -   
723,RECORD LOW,COLD WEATHER,WNTR STORM COLD,4, -   , -   , -   , -   
947,Unseasonable Cold,COLD WEATHER,WNTR STORM COLD,1, -   , -   , -   ,"5,100,000"
917,UNSEASONABLY COLD,COLD WEATHER,WNTR STORM COLD,23,2, -   , -   ,"25,042,500"
918,UNSEASONABLY COOL,COLD WEATHER,WNTR STORM COLD,12, -   , -   , -   , -   
919,UNSEASONABLY COOL & WET,COLD WEATHER,WNTR STORM COLD,2, -   , -   , -   , -   
928,UNSEASONAL LOW TEMP,COLD WEATHER,WNTR STORM COLD,2, -   , -   , -   , -   
625,HYPERTHERMIA/EXPOSURE,COLD WEATHER,WNTR STORM COLD,1,1, -   , -   , -   
626,HYPOTHERMIA,COLD WEATHER,WNTR STORM COLD,1,1, -   , -   , -   
627,HYPOTHERMIA/EXPOSURE,COLD WEATHER,WNTR STORM COLD,3,3, -   , -   , -   
639,Hypothermia/Exposure,COLD WEATHER,WNTR STORM COLD,3,4, -   , -   , -   
703,PROLONG COLD,COLD WEATHER,WNTR STORM COLD,17, -   , -   , -   , -   
707,Prolong Cold,COLD WEATHER,WNTR STORM COLD,5, -   , -   , -   , -   
704,PROLONG COLD/SNOW,COLD WEATHER,WNTR STORM COLD,1, -   , -   , -   , -   
754,SEVERE COLD,COLD WEATHER,WNTR STORM COLD,1, -   , -   , -   , -   
932,UNUSUALLY COLD,COLD WEATHER,WNTR STORM COLD,8, -   , -   , -   , -   
971,WIND CHILL,COLD WEATHER,WNTR STORM COLD,18, -   , -   , -   , -   
972,WIND CHILL/HIGH WIND,COLD WEATHER,WNTR STORM COLD,1, -   , -   , -   , -   
455,COOL AND WET,COLD WEATHER,WNTR STORM COLD,1, -   , -   , -   ,"5,000,000"
456,COOL SPELL,COLD WEATHER,WNTR STORM COLD,1, -   , -   , -   , -   
412,ABNORMALLY DRY,DROUGHT,DRY HOT FIRE,2, -   , -   , -   , -   
421,BELOW NORMAL PRECIPITATION,DROUGHT,DRY HOT FIRE,2, -   , -   , -   , -   
463,DRIEST MONTH,DROUGHT,DRY HOT FIRE,1, -   , -   , -   , -   
23,DROUGHT,DROUGHT,DRY HOT FIRE,"2,488", -   ,4,"1,046,106,000","13,972,566,000"
464,DROUGHT/EXCESSIVE HEAT,DROUGHT,DRY HOT FIRE,13,2, -   , -   ,"5,780"
466,DRY,DROUGHT,DRY HOT FIRE,9, -   , -   , -   , -   
467,DRY CONDITIONS,DROUGHT,DRY HOT FIRE,6, -   , -   , -   , -   
468,DRY HOT WEATHER,DROUGHT,DRY HOT FIRE,1, -   , -   , -   , -   
84,DRY MICROBURST,DROUGHT,DRY HOT FIRE,186,3,28,"6,732,600","15,000"
469,DRY MICROBURST 50,DROUGHT,DRY HOT FIRE,1, -   , -   , -   , -   
470,DRY MICROBURST 53,DROUGHT,DRY HOT FIRE,1, -   , -   , -   , -   
471,DRY MICROBURST 58,DROUGHT,DRY HOT FIRE,2, -   , -   , -   , -   
472,DRY MICROBURST 61,DROUGHT,DRY HOT FIRE,1, -   , -   , -   , -   
473,DRY MICROBURST 84,DROUGHT,DRY HOT FIRE,1, -   , -   , -   , -   
474,DRY MICROBURST WINDS,DROUGHT,DRY HOT FIRE,5, -   , -   , -   , -   
475,DRY MIRCOBURST WINDS,DROUGHT,DRY HOT FIRE,1, -   ,1, -   , -   
476,DRY PATTERN,DROUGHT,DRY HOT FIRE,1, -   , -   , -   , -   
477,DRY SPELL,DROUGHT,DRY HOT FIRE,4, -   , -   , -   , -   
478,DRY WEATHER,DROUGHT,DRY HOT FIRE,4, -   , -   , -   , -   
479,DRYNESS,DROUGHT,DRY HOT FIRE,1, -   , -   , -   , -   
495,EXCESSIVELY DRY,DROUGHT,DRY HOT FIRE,1, -   , -   , -   , -   
751,Record dry month,DROUGHT,DRY HOT FIRE,1, -   , -   , -   , -   
717,RECORD DRYNESS,DROUGHT,DRY HOT FIRE,2, -   , -   , -   , -   
724,RECORD LOW RAINFALL,DROUGHT,DRY HOT FIRE,2, -   , -   , -   , -   
920,UNSEASONABLY DRY,DROUGHT,DRY HOT FIRE,56, -   , -   , -   , -   
649,LACK OF SNOW,DROUGHT,DRY HOT FIRE,1, -   , -   , -   , -   
687,Mild and Dry Pattern,DROUGHT,DRY HOT FIRE,1, -   , -   , -   , -   
674,MILD PATTERN,DROUGHT,DRY HOT FIRE,1, -   , -   , -   , -   
675,MILD/DRY PATTERN,DROUGHT,DRY HOT FIRE,1, -   , -   , -   , -   
951,VERY DRY,DROUGHT,DRY HOT FIRE,2, -   , -   , -   , -   
403,BREAKUP FLOODING,FLOOD,FLOOD,1, -   , -   ,20, -   
417,BEACH EROSIN,FLOOD,FLOOD,1, -   , -   , -   , -   
215,Beach Erosion,FLOOD,FLOOD,1, -   , -   ,"100,000", -   
418,BEACH EROSION,FLOOD,FLOOD,3, -   , -   , -   , -   
419,BEACH EROSION/COASTAL FLOOD,FLOOD,FLOOD,1, -   , -   , -   , -   
420,BEACH FLOOD,FLOOD,FLOOD,2, -   , -   , -   , -   
140,COASTAL EROSION,FLOOD,FLOOD,1, -   , -   ,"766,000", -   
61,COASTAL  FLOODING/EROSION,FLOOD,FLOOD,1, -   , -   ,"15,000,000", -   
407, COASTAL FLOOD,FLOOD,FLOOD,1, -   , -   , -   , -   
36,COASTAL FLOOD,FLOOD,FLOOD,650,3,2,"237,665,560", -   
56,Coastal Flood,FLOOD,FLOOD,6, -   , -   ,"21,905,000", -   
40,COASTAL FLOODING,FLOOD,FLOOD,143,1, -   ,"126,640,500","56,000"
86,Coastal Flooding,FLOOD,FLOOD,38,2, -   ,"6,325,000", -   
983,coastal flooding,FLOOD,FLOOD,2, -   , -   , -   , -   
58,COASTAL FLOODING/EROSION,FLOOD,FLOOD,5, -   ,5,"20,030,000", -   
249,Coastal Storm,FLOOD,FLOOD,2, -   ,1,"50,000", -   
441,COASTAL STORM,FLOOD,FLOOD,8,3,1, -   , -   
159,COASTAL SURGE,FLOOD,FLOOD,2, -   , -   ,"500,000", -   
442,COASTAL/TIDAL FLOOD,FLOOD,FLOOD,2, -   , -   , -   , -   
443,COASTALFLOOD,FLOOD,FLOOD,1, -   , -   , -   , -   
444,COASTALSTORM,FLOOD,FLOOD,1,1, -   , -   , -   
457,CSTL FLOODING/EROSION,FLOOD,FLOOD,2, -   , -   , -   , -   
60,Erosion/Cstl Flood,FLOOD,FLOOD,2, -   , -   ,"16,200,000", -   
491,EXCESSIVE PRECIPITATION,FLOOD,FLOOD,1, -   , -   , -   , -   
492,EXCESSIVE RAIN,FLOOD,FLOOD,5, -   , -   , -   , -   
493,EXCESSIVE RAINFALL,FLOOD,FLOOD,4,2,21, -   , -   
494,EXCESSIVE WETNESS,FLOOD,FLOOD,1, -   , -   , -   ,"142,000,000"
500,EXTREMELY WET,FLOOD,FLOOD,1, -   , -   , -   , -   
248, FLASH FLOOD,FLOOD,FLOOD,1, -   , -   ,"50,000", -   
5,FLASH FLOOD,FLOOD,FLOOD,"54,277",978,"1,777","16,140,812,067","1,421,317,100"
312,FLASH FLOOD - HEAVY RAIN,FLOOD,FLOOD,2, -   , -   ,"12,000", -   
192,FLASH FLOOD FROM ICE JAMS,FLOOD,FLOOD,5, -   , -   ,"250,000", -   
252,FLASH FLOOD LANDSLIDES,FLOOD,FLOOD,1, -   , -   ,"50,000", -   
406,FLASH FLOOD WINDS,FLOOD,FLOOD,1, -   , -   ,0, -   
161,FLASH FLOOD/,FLOOD,FLOOD,1, -   , -   ,"500,000", -   
508,FLASH FLOOD/ FLOOD,FLOOD,FLOOD,2, -   , -   , -   , -   
372,FLASH FLOOD/ STREET,FLOOD,FLOOD,1, -   , -   ,"2,000", -   
33,FLASH FLOOD/FLOOD,FLOOD,FLOOD,22,14, -   ,"272,450,006","555,000"
509,FLASH FLOOD/HEAVY RAIN,FLOOD,FLOOD,1, -   , -   , -   , -   
379,FLASH FLOOD/LANDSLIDE,FLOOD,FLOOD,1, -   , -   ,"1,000", -   
32,FLASH FLOODING,FLOOD,FLOOD,682,19,8,"307,763,604","15,106,060"
116,FLASH FLOODING/FLOOD,FLOOD,FLOOD,8,5, -   ,"1,750,000","175,000"
162,FLASH FLOODING/THUNDERSTORM WI,FLOOD,FLOOD,1, -   , -   ,"500,000", -   
75,FLASH FLOODS,FLOOD,FLOOD,32,2, -   ,"8,728,500", -   
510,FLASH FLOOODING,FLOOD,FLOOD,1, -   , -   , -   , -   
1,FLOOD,FLOOD,FLOOD,"25,326",470,"6,789","144,657,709,807","5,661,968,450"
527,Flood,FLOOD,FLOOD,1, -   , -   , -   , -   
69,FLOOD & HEAVY RAIN,FLOOD,FLOOD,2,1, -   ,"10,000,000", -   
333,FLOOD FLASH,FLOOD,FLOOD,3, -   , -   ,"5,000", -   
511,FLOOD FLOOD/FLASH,FLOOD,FLOOD,1, -   , -   , -   , -   
512,FLOOD WATCH/,FLOOD,FLOOD,1, -   , -   , -   , -   
131,FLOOD/FLASH,FLOOD,FLOOD,2, -   , -   ,"1,000,000", -   
38,FLOOD/FLASH FLOOD,FLOOD,FLOOD,624,17,15,"174,039,009","95,034,000"
528,Flood/Flash Flood,FLOOD,FLOOD,1, -   , -   , -   , -   
513,FLOOD/FLASH FLOODING,FLOOD,FLOOD,2, -   , -   , -   , -   
314,FLOOD/FLASH/FLOOD,FLOOD,FLOOD,1, -   , -   ,"10,000", -   
334,FLOOD/FLASHFLOOD,FLOOD,FLOOD,1, -   , -   ,"5,000", -   
514,FLOOD/RAIN/WIND,FLOOD,FLOOD,1, -   , -   , -   , -   
515,FLOOD/RAIN/WINDS,FLOOD,FLOOD,6, -   , -   , -   ,"112,800,000"
163,FLOOD/RIVER FLOOD,FLOOD,FLOOD,1,1, -   ,"500,000", -   
529,Flood/Strong Wind,FLOOD,FLOOD,1, -   , -   , -   , -   
42,FLOODING,FLOOD,FLOOD,120,6,2,"108,255,006","8,855,500"
404,FLOODING/HEAVY RAIN,FLOOD,FLOOD,1, -   , -   ,2, -   
87,FLOODS,FLOOD,FLOOD,3, -   , -   ,"6,000,000","50,000"
26,HEAVY RAIN,FLOOD,FLOOD,"11,723",98,251,"694,248,090","733,399,800"
632,Heavy Rain,FLOOD,FLOOD,16, -   , -   , -   , -   
634,Heavy rain,FLOOD,FLOOD,3, -   , -   , -   , -   
152,HEAVY RAIN AND FLOOD,FLOOD,FLOOD,1, -   , -   ,"600,000", -   
633,Heavy Rain and Wind,FLOOD,FLOOD,4, -   , -   , -   , -   
567,HEAVY RAIN EFFECTS,FLOOD,FLOOD,1, -   , -   , -   , -   
568,HEAVY RAIN/FLOODING,FLOOD,FLOOD,2, -   , -   , -   , -   
63,Heavy Rain/High Surf,FLOOD,FLOOD,1, -   , -   ,"13,500,000","1,500,000"
95,HEAVY RAIN/LIGHTNING,FLOOD,FLOOD,1, -   , -   ,"5,000,000", -   
569,HEAVY RAIN/MUDSLIDES/FLOOD,FLOOD,FLOOD,1, -   , -   , -   , -   
19,HEAVY RAIN/SEVERE WEATHER,FLOOD,FLOOD,2, -   , -   ,"2,500,000,000", -   
336,HEAVY RAIN/SMALL STREAM URBAN,FLOOD,FLOOD,1, -   , -   ,"5,000", -   
168,HEAVY RAIN/SNOW,FLOOD,FLOOD,1, -   , -   ,"500,000", -   
570,HEAVY RAIN/URBAN FLOOD,FLOOD,FLOOD,1, -   , -   , -   , -   
571,HEAVY RAIN/WIND,FLOOD,FLOOD,4, -   , -   , -   , -   
572,HEAVY RAIN; URBAN FLOOD WINDS;,FLOOD,FLOOD,1, -   , -   , -   , -   
573,HEAVY RAINFALL,FLOOD,FLOOD,3, -   , -   , -   , -   
66,HEAVY RAINS,FLOOD,FLOOD,26, -   ,4,"12,285,050","60,500,000"
103,HEAVY RAINS/FLOODING,FLOOD,FLOOD,9, -   , -   ,"4,860,000","353,000"
664,LOCAL FLASH FLOOD,FLOOD,FLOOD,1, -   , -   , -   , -   
665,LOCAL FLOOD,FLOOD,FLOOD,1, -   , -   , -   , -   
666,LOCALLY HEAVY RAIN,FLOOD,FLOOD,1, -   , -   , -   , -   
44,MAJOR FLOOD,FLOOD,FLOOD,3, -   , -   ,"105,000,000", -   
676,MINOR FLOOD,FLOOD,FLOOD,1, -   , -   , -   , -   
344,MINOR FLOODING,FLOOD,FLOOD,3,1, -   ,"5,000", -   
688,Minor Flooding,FLOOD,FLOOD,1, -   , -   , -   , -   
127,RIVER AND STREAM FLOOD,FLOOD,FLOOD,2, -   , -   ,"1,200,000", -   
11,RIVER FLOOD,FLOOD,FLOOD,173,2,2,"5,118,945,500","5,029,459,000"
43,River Flooding,FLOOD,FLOOD,5, -   ,1,"106,155,000","28,020,000"
68,RIVER FLOODING,FLOOD,FLOOD,24,2, -   ,"10,139,000","5,000"
378,RURAL FLOOD,FLOOD,FLOOD,2, -   , -   ,"1,200", -   
761,SMALL STREAM,FLOOD,FLOOD,1, -   , -   , -   , -   
762,SMALL STREAM AND,FLOOD,FLOOD,1, -   , -   , -   , -   
763,SMALL STREAM AND URBAN FLOOD,FLOOD,FLOOD,2, -   , -   , -   , -   
764,SMALL STREAM AND URBAN FLOODIN,FLOOD,FLOOD,1, -   , -   , -   , -   
765,SMALL STREAM FLOOD,FLOOD,FLOOD,7, -   , -   , -   ,"5,000"
766,SMALL STREAM FLOODING,FLOOD,FLOOD,4, -   , -   , -   , -   
767,SMALL STREAM URBAN FLOOD,FLOOD,FLOOD,1, -   , -   , -   , -   
768,SMALL STREAM/URBAN FLOOD,FLOOD,FLOOD,5, -   , -   , -   , -   
795,Sml Stream Fld,FLOOD,FLOOD,2, -   , -   , -   , -   
4,STORM SURGE,FLOOD,FLOOD,261,13,38,"43,323,536,000","5,000"
13,STORM SURGE/TIDE,FLOOD,FLOOD,148,11,5,"4,641,188,000","850,000"
785,STREAM FLOODING,FLOOD,FLOOD,1, -   , -   , -   , -   
786,STREET FLOOD,FLOOD,FLOOD,3, -   , -   , -   , -   
787,STREET FLOODING,FLOOD,FLOOD,3, -   , -   , -   , -   
901,TIDAL FLOOD,FLOOD,FLOOD,1, -   , -   , -   , -   
321,Tidal Flooding,FLOOD,FLOOD,5, -   , -   ,"10,000", -   
369,TIDAL FLOODING,FLOOD,FLOOD,20, -   ,1,"3,000", -   
906,TORRENTIAL RAIN,FLOOD,FLOOD,1, -   , -   , -   , -   
916,Torrential Rainfall,FLOOD,FLOOD,1, -   ,4, -   , -   
361,URBAN AND SMALL,FLOOD,FLOOD,2, -   , -   ,"5,000", -   
935,URBAN AND SMALL STREAM,FLOOD,FLOOD,3, -   , -   , -   , -   
936,URBAN AND SMALL STREAM FLOOD,FLOOD,FLOOD,3, -   , -   , -   , -   
937,URBAN AND SMALL STREAM FLOODIN,FLOOD,FLOOD,6,1, -   , -   , -   
59,URBAN FLOOD,FLOOD,FLOOD,249, -   , -   ,"18,288,000","923,500"
948,Urban Flood,FLOOD,FLOOD,1, -   , -   , -   , -   
950,Urban flood,FLOOD,FLOOD,1, -   , -   , -   , -   
938,URBAN FLOOD LANDSLIDE,FLOOD,FLOOD,1, -   , -   , -   , -   
88,URBAN FLOODING,FLOOD,FLOOD,98, -   , -   ,"5,605,600","366,500"
949,Urban Flooding,FLOOD,FLOOD,1, -   , -   , -   , -   
377,URBAN FLOODS,FLOOD,FLOOD,3, -   , -   ,"1,500", -   
402,URBAN SMALL,FLOOD,FLOOD,1, -   , -   ,50, -   
939,URBAN SMALL STREAM FLOOD,FLOOD,FLOOD,2, -   , -   , -   , -   
940,URBAN/SMALL,FLOOD,FLOOD,2, -   , -   , -   , -   
941,URBAN/SMALL FLOODING,FLOOD,FLOOD,1, -   , -   , -   , -   
362,URBAN/SMALL STREAM,FLOOD,FLOOD,8, -   , -   ,"5,000", -   
942,URBAN/SMALL STREAM  FLOOD,FLOOD,FLOOD,2, -   , -   , -   , -   
247,URBAN/SMALL STREAM FLOOD,FLOOD,FLOOD,30, -   , -   ,"51,050", -   
943,URBAN/SMALL STREAM FLOODING,FLOOD,FLOOD,4, -   , -   , -   , -   
944,URBAN/SMALL STRM FLDG,FLOOD,FLOOD,1, -   , -   , -   , -   
50,URBAN/SML STREAM FLD,FLOOD,FLOOD,"3,392",28,79,"58,309,650","8,488,100"
945,URBAN/SML STREAM FLDG,FLOOD,FLOOD,1, -   , -   , -   , -   
946,URBAN/STREET FLOODING,FLOOD,FLOOD,3, -   , -   , -   , -   
566,HEAVY PRECIPATATION,FLOOD,FLOOD,1, -   , -   , -   , -   
167,HEAVY PRECIPITATION,FLOOD,FLOOD,1, -   , -   ,"500,000", -   
631,Heavy Precipitation,FLOOD,FLOOD,2, -   , -   , -   , -   
619,HIGHWAY FLOODING,FLOOD,FLOOD,1, -   , -   , -   , -   
624,HVY RAIN,FLOOD,FLOOD,2, -   , -   , -   ,"3,000"
82,LAKESHORE FLOOD,FLOOD,FLOOD,23, -   , -   ,"7,540,000", -   
706,PROLONGED RAIN,FLOOD,FLOOD,4, -   , -   , -   , -   
92,RAIN,FLOOD,FLOOD,16, -   , -   ,"5,300,050","750,000"
708,RAIN (HEAVY),FLOOD,FLOOD,1, -   , -   , -   , -   
712,RAPIDLY RISING WATER,FLOOD,FLOOD,1,1, -   , -   , -   
725,RECORD PRECIPITATION,FLOOD,FLOOD,1, -   , -   , -   , -   
394,RECORD RAINFALL,FLOOD,FLOOD,14, -   , -   ,500, -   
929,UNSEASONAL RAIN,FLOOD,FLOOD,2, -   , -   , -   ,"10,000,000"
461,DEEP HAIL,HAIL,TSTM LTNG HAIL WIND,1, -   , -   , -   , -   
6,HAIL,HAIL,TSTM LTNG HAIL WIND,"288,661",15,"1,361","15,727,367,053","3,025,537,890"
380,HAIL 0.75,HAIL,TSTM LTNG HAIL WIND,18, -   , -   ,"1,000", -   
544,HAIL 0.88,HAIL,TSTM LTNG HAIL WIND,1, -   , -   , -   , -   
545,HAIL 075,HAIL,TSTM LTNG HAIL WIND,1, -   , -   , -   ,"10,000"
546,HAIL 088,HAIL,TSTM LTNG HAIL WIND,1, -   , -   , -   , -   
547,HAIL 1.00,HAIL,TSTM LTNG HAIL WIND,6, -   , -   , -   , -   
548,HAIL 1.75,HAIL,TSTM LTNG HAIL WIND,4, -   , -   , -   , -   
549,HAIL 1.75),HAIL,TSTM LTNG HAIL WIND,1, -   , -   , -   , -   
335,HAIL 100,HAIL,TSTM LTNG HAIL WIND,13, -   , -   ,"5,000","10,000"
550,HAIL 125,HAIL,TSTM LTNG HAIL WIND,1, -   , -   , -   ,"10,000"
551,HAIL 150,HAIL,TSTM LTNG HAIL WIND,2, -   , -   , -   ,"50,000"
211,HAIL 175,HAIL,TSTM LTNG HAIL WIND,13, -   , -   ,"120,000", -   
552,HAIL 200,HAIL,TSTM LTNG HAIL WIND,1, -   , -   , -   ,"10,000"
553,HAIL 225,HAIL,TSTM LTNG HAIL WIND,1, -   , -   , -   , -   
194,HAIL 275,HAIL,TSTM LTNG HAIL WIND,3, -   , -   ,"225,000", -   
199,HAIL 450,HAIL,TSTM LTNG HAIL WIND,1, -   , -   ,"200,000", -   
381,HAIL 75,HAIL,TSTM LTNG HAIL WIND,29, -   , -   ,"1,000", -   
554,HAIL 80,HAIL,TSTM LTNG HAIL WIND,2, -   , -   , -   , -   
555,HAIL 88,HAIL,TSTM LTNG HAIL WIND,1, -   , -   , -   , -   
556,HAIL ALOFT,HAIL,TSTM LTNG HAIL WIND,1, -   , -   , -   , -   
207,HAIL DAMAGE,HAIL,TSTM LTNG HAIL WIND,2, -   , -   ,"150,000", -   
557,HAIL FLOODING,HAIL,TSTM LTNG HAIL WIND,1, -   , -   , -   , -   
558,HAIL STORM,HAIL,TSTM LTNG HAIL WIND,1, -   , -   , -   , -   
628,Hail(0.75),HAIL,TSTM LTNG HAIL WIND,1, -   , -   , -   , -   
559,HAIL/ICY ROADS,HAIL,TSTM LTNG HAIL WIND,1, -   , -   , -   , -   
392,HAIL/WIND,HAIL,TSTM LTNG HAIL WIND,3, -   , -   ,500,100
165,HAIL/WINDS,HAIL,TSTM LTNG HAIL WIND,2, -   , -   ,"500,000","50,050"
35,HAILSTORM,HAIL,TSTM LTNG HAIL WIND,3, -   , -   ,"241,000,000", -   
560,HAILSTORMS,HAIL,TSTM LTNG HAIL WIND,1, -   , -   , -   , -   
654,LATE SEASON HAIL,HAIL,TSTM LTNG HAIL WIND,1, -   , -   , -   , -   
364,MARINE HAIL,HAIL,TSTM LTNG HAIL WIND,442, -   , -   ,"4,000", -   
237,SMALL HAIL,HAIL,TSTM LTNG HAIL WIND,47, -   ,10,"70,000","20,793,000"
794,Small Hail,HAIL,TSTM LTNG HAIL WIND,1, -   , -   , -   , -   
984,small hail,HAIL,TSTM LTNG HAIL WIND,5, -   , -   , -   , -   
73,ASTRONOMICAL HIGH TIDE,HIGH SURF,TSTM LTNG HAIL WIND,103, -   , -   ,"9,425,000", -   
189,ASTRONOMICAL LOW TIDE,HIGH SURF,TSTM LTNG HAIL WIND,174, -   , -   ,"320,000", -   
562,HAZARDOUS SURF,HIGH SURF,TSTM LTNG HAIL WIND,1, -   ,1, -   , -   
574,HEAVY SEAS,HIGH SURF,TSTM LTNG HAIL WIND,2,3, -   , -   , -   
592,HIGH  SWELLS,HIGH SURF,TSTM LTNG HAIL WIND,1, -   , -   , -   , -   
121,HEAVY SURF,HIGH SURF,TSTM LTNG HAIL WIND,84,7,40,"1,390,000", -   
261,Heavy Surf,HIGH SURF,TSTM LTNG HAIL WIND,3,1, -   ,"50,000", -   
635,Heavy surf and wind,HIGH SURF,TSTM LTNG HAIL WIND,1,3, -   , -   , -   
256,HEAVY SURF COASTAL FLOODING,HIGH SURF,TSTM LTNG HAIL WIND,1, -   , -   ,"50,000", -   
70,HEAVY SURF/HIGH SURF,HIGH SURF,TSTM LTNG HAIL WIND,228,42,48,"9,870,000", -   
308,HEAVY SWELLS,HIGH SURF,TSTM LTNG HAIL WIND,1, -   , -   ,"15,000", -   
304,HIGH SEAS,HIGH SURF,TSTM LTNG HAIL WIND,8,5,8,"15,500", -   
47,HIGH SURF,HIGH SURF,TSTM LTNG HAIL WIND,725,101,152,"89,575,000", -   
184,High Surf,HIGH SURF,TSTM LTNG HAIL WIND,9,3,4,"380,000", -   
593,HIGH SURF ADVISORIES,HIGH SURF,TSTM LTNG HAIL WIND,1, -   , -   , -   , -   
198,   HIGH SURF ADVISORY,HIGH SURF,TSTM LTNG HAIL WIND,1, -   , -   ,"200,000", -   
594,HIGH SURF ADVISORY,HIGH SURF,TSTM LTNG HAIL WIND,4, -   , -   , -   , -   
337,HIGH SWELLS,HIGH SURF,TSTM LTNG HAIL WIND,5,1, -   ,"5,000", -   
399,HIGH TIDES,HIGH SURF,TSTM LTNG HAIL WIND,2, -   , -   ,150, -   
157,HIGH WATER,HIGH SURF,TSTM LTNG HAIL WIND,6,3, -   ,"505,000", -   
596,HIGH WAVES,HIGH SURF,TSTM LTNG HAIL WIND,3,1, -   , -   , -   
265,Marine Accident,HIGH SURF,TSTM LTNG HAIL WIND,1,1,2,"50,000", -   
673,MARINE MISHAP,HIGH SURF,TSTM LTNG HAIL WIND,2,7,5, -   , -   
182,MARINE STRONG WIND,HIGH SURF,TSTM LTNG HAIL WIND,48,14,22,"418,330", -   
181,MARINE THUNDERSTORM WIND,HIGH SURF,TSTM LTNG HAIL WIND,"5,812",10,26,"436,400","50,000"
91,MARINE TSTM WIND,HIGH SURF,TSTM LTNG HAIL WIND,"6,175",9,8,"5,421,000", -   
740,ROGUE WAVE,HIGH SURF,TSTM LTNG HAIL WIND,1, -   ,2, -   , -   
742,ROUGH SEAS,HIGH SURF,TSTM LTNG HAIL WIND,3,8,5, -   , -   
319,ROUGH SURF,HIGH SURF,TSTM LTNG HAIL WIND,4,4,1,"10,000", -   
135,WIND AND WAVE,HIGH SURF,TSTM LTNG HAIL WIND,1, -   , -   ,"1,000,000", -   
115,HEAT,HOT WEATHER,DRY HOT FIRE,767,937,"2,100","1,797,000","401,461,500"
563,HEAT DROUGHT,HOT WEATHER,DRY HOT FIRE,1, -   , -   , -   , -   
67,HEAT WAVE,HOT WEATHER,DRY HOT FIRE,74,172,309,"10,460,050","5,550,000"
629,Heat Wave,HOT WEATHER,DRY HOT FIRE,1, -   ,70, -   , -   
200,HEAT WAVE DROUGHT,HOT WEATHER,DRY HOT FIRE,1,4,15,"200,000","50,000"
564,HEAT WAVES,HOT WEATHER,DRY HOT FIRE,2,5, -   , -   , -   
565,HEAT/DROUGHT,HOT WEATHER,DRY HOT FIRE,1, -   , -   , -   , -   
630,Heatburst,HOT WEATHER,DRY HOT FIRE,1, -   , -   , -   , -   
595,HIGH TEMPERATURE RECORD,HOT WEATHER,DRY HOT FIRE,3, -   , -   , -   , -   
411,ABNORMAL WARMTH,HOT WEATHER,DRY HOT FIRE,4, -   , -   , -   , -   
637,Hot and Dry,HOT WEATHER,DRY HOT FIRE,2, -   , -   , -   , -   
620,HOT PATTERN,HOT WEATHER,DRY HOT FIRE,1, -   , -   , -   , -   
621,HOT SPELL,HOT WEATHER,DRY HOT FIRE,2, -   , -   , -   , -   
81,EXCESSIVE HEAT,HOT WEATHER,DRY HOT FIRE,"1,678","1,903","6,525","7,753,700","492,402,000"
490,EXCESSIVE HEAT/DROUGHT,HOT WEATHER,DRY HOT FIRE,1, -   , -   , -   , -   
212,EXTREME HEAT,HOT WEATHER,DRY HOT FIRE,22,96,155,"115,000","5,000,000"
622,HOT WEATHER,HOT WEATHER,DRY HOT FIRE,1, -   , -   , -   , -   
718,RECORD HEAT,HOT WEATHER,DRY HOT FIRE,81,2,50, -   , -   
745,Record Heat,HOT WEATHER,DRY HOT FIRE,1, -   , -   , -   , -   
719,RECORD HEAT WAVE,HOT WEATHER,DRY HOT FIRE,1, -   , -   , -   , -   
720,RECORD HIGH,HOT WEATHER,DRY HOT FIRE,5, -   , -   , -   , -   
746,Record High,HOT WEATHER,DRY HOT FIRE,2, -   , -   , -   , -   
721,RECORD HIGH TEMPERATURE,HOT WEATHER,DRY HOT FIRE,3, -   , -   , -   , -   
722,RECORD HIGH TEMPERATURES,HOT WEATHER,DRY HOT FIRE,1, -   , -   , -   , -   
728,RECORD TEMPERATURE,HOT WEATHER,DRY HOT FIRE,5, -   , -   , -   , -   
752,Record temperature,HOT WEATHER,DRY HOT FIRE,11, -   , -   , -   , -   
729,RECORD TEMPERATURES,HOT WEATHER,DRY HOT FIRE,3, -   , -   , -   , -   
748,Record Temperatures,HOT WEATHER,DRY HOT FIRE,2, -   , -   , -   , -   
730,RECORD WARM,HOT WEATHER,DRY HOT FIRE,1, -   , -   , -   , -   
731,RECORD WARM TEMPS.,HOT WEATHER,DRY HOT FIRE,1, -   , -   , -   , -   
732,RECORD WARMTH,HOT WEATHER,DRY HOT FIRE,146, -   , -   , -   , -   
749,Record Warmth,HOT WEATHER,DRY HOT FIRE,8, -   , -   , -   , -   
733,RECORD/EXCESSIVE HEAT,HOT WEATHER,DRY HOT FIRE,3,17, -   , -   , -   
734,RECORD/EXCESSIVE RAINFALL,HOT WEATHER,DRY HOT FIRE,1, -   , -   , -   , -   
921,UNSEASONABLY HOT,HOT WEATHER,DRY HOT FIRE,10, -   , -   , -   , -   
922,UNSEASONABLY WARM,HOT WEATHER,DRY HOT FIRE,126,11,17, -   ,"10,000"
923,UNSEASONABLY WARM & WET,HOT WEATHER,DRY HOT FIRE,1, -   , -   , -   , -   
924,UNSEASONABLY WARM AND DRY,HOT WEATHER,DRY HOT FIRE,13,29, -   , -   , -   
925,UNSEASONABLY WARM YEAR,HOT WEATHER,DRY HOT FIRE,2, -   , -   , -   , -   
926,UNSEASONABLY WARM/WET,HOT WEATHER,DRY HOT FIRE,2, -   , -   , -   , -   
927,UNSEASONABLY WET,HOT WEATHER,DRY HOT FIRE,19, -   , -   , -   , -   
623,HOT/DRY PATTERN,HOT WEATHER,DRY HOT FIRE,1, -   , -   , -   , -   
705,PROLONG WARMTH,HOT WEATHER,DRY HOT FIRE,4, -   , -   , -   , -   
930,UNUSUAL WARMTH,HOT WEATHER,DRY HOT FIRE,10, -   , -   , -   , -   
931,UNUSUAL/RECORD WARMTH,HOT WEATHER,DRY HOT FIRE,2, -   , -   , -   , -   
934,UNUSUALLY WARM,HOT WEATHER,DRY HOT FIRE,4, -   , -   , -   , -   
952,VERY WARM,HOT WEATHER,DRY HOT FIRE,1, -   , -   , -   , -   
961,WARM DRY CONDITIONS,HOT WEATHER,DRY HOT FIRE,1, -   , -   , -   , -   
962,WARM WEATHER,HOT WEATHER,DRY HOT FIRE,1, -   ,2, -   , -   
7,HURRICANE,HURRICANE,HURRICANE TROP STORM,174,61,46,"11,868,319,010","2,741,910,000"
638,Hurricane Edouard,HURRICANE,HURRICANE TROP STORM,2, -   ,2, -   , -   
53,HURRICANE EMILY,HURRICANE,HURRICANE TROP STORM,1, -   ,1,"50,000,000", -   
34,HURRICANE ERIN,HURRICANE,HURRICANE TROP STORM,7,6,1,"258,100,000","136,010,000"
171,HURRICANE FELIX,HURRICANE,HURRICANE TROP STORM,2,1, -   ,"500,000","500,000"
172,HURRICANE GORDON,HURRICANE,HURRICANE TROP STORM,1, -   , -   ,"500,000", -   
17,HURRICANE OPAL,HURRICANE,HURRICANE TROP STORM,9,1,1,"3,152,846,020","9,000,010"
46,HURRICANE OPAL/HIGH WINDS,HURRICANE,HURRICANE TROP STORM,1,2, -   ,"100,000,000","10,000,000"
2,HURRICANE/TYPHOON,HURRICANE,HURRICANE TROP STORM,88,64,"1,275","69,305,840,000","2,607,872,800"
235,HURRICANE-GENERATED SWELLS,HURRICANE,HURRICANE TROP STORM,3, -   ,2,"75,000", -   
737,REMNANTS OF FLOYD,HURRICANE,HURRICANE TROP STORM,2, -   , -   , -   , -   
340,LIGHTING,LIGHTNING,TSTM LTNG HAIL WIND,3, -   , -   ,"5,000", -   
408, LIGHTNING,LIGHTNING,TSTM LTNG HAIL WIND,1, -   , -   , -   , -   
25,LIGHTNING,LIGHTNING,TSTM LTNG HAIL WIND,"15,754",816,"5,230","928,659,447","12,092,090"
283,LIGHTNING  WAUSEON,LIGHTNING,TSTM LTNG HAIL WIND,1, -   , -   ,"30,000", -   
288,LIGHTNING AND HEAVY RAIN,LIGHTNING,TSTM LTNG HAIL WIND,1, -   , -   ,"28,000", -   
658,LIGHTNING AND THUNDERSTORM WIN,LIGHTNING,TSTM LTNG HAIL WIND,1, -   ,1, -   , -   
659,LIGHTNING AND WINDS,LIGHTNING,TSTM LTNG HAIL WIND,1, -   , -   , -   , -   
660,LIGHTNING DAMAGE,LIGHTNING,TSTM LTNG HAIL WIND,1, -   , -   , -   , -   
101,LIGHTNING FIRE,LIGHTNING,TSTM LTNG HAIL WIND,1, -   , -   ,"5,000,000", -   
661,LIGHTNING INJURY,LIGHTNING,TSTM LTNG HAIL WIND,1, -   ,1, -   , -   
318,LIGHTNING THUNDERSTORM WINDS,LIGHTNING,TSTM LTNG HAIL WIND,1, -   , -   ,"10,000", -   
662,LIGHTNING THUNDERSTORM WINDSS,LIGHTNING,TSTM LTNG HAIL WIND,1, -   , -   , -   , -   
663,LIGHTNING.,LIGHTNING,TSTM LTNG HAIL WIND,1,1, -   , -   , -   
341,LIGHTNING/HEAVY RAIN,LIGHTNING,TSTM LTNG HAIL WIND,1, -   , -   ,"5,000", -   
342,LIGNTNING,LIGHTNING,TSTM LTNG HAIL WIND,1, -   , -   ,"5,000", -   
416,AVALANCE,OTHER,OTHER,1,1, -   , -   , -   
105,AVALANCHE,OTHER,OTHER,386,224,170,"3,721,800", -   
292,BLOWING DUST,OTHER,OTHER,4, -   , -   ,"20,000", -   
480,DUST DEVEL,OTHER,OTHER,1, -   , -   , -   , -   
143,DUST DEVIL,OTHER,OTHER,141,2,42,"700,330", -   
299,Dust Devil,OTHER,OTHER,8, -   ,1,"18,300", -   
391,DUST DEVIL WATERSPOUT,OTHER,OTHER,1, -   , -   ,500, -   
89,DUST STORM,OTHER,OTHER,427,22,440,"5,549,000","3,100,000"
250,DUST STORM/HIGH WINDS,OTHER,OTHER,1, -   , -   ,"50,000","500,000"
481,DUSTSTORM,OTHER,OTHER,1, -   , -   , -   , -   
753,SAHARAN DUST,OTHER,OTHER,2, -   , -   , -   , -   
792,Saharan Dust,OTHER,OTHER,2, -   , -   , -   , -   
31,LANDSLIDE,OTHER,OTHER,600,38,52,"324,596,000","20,017,000"
650,LANDSLIDE/URBAN FLOOD,OTHER,OTHER,1, -   , -   , -   , -   
213,LANDSLIDES,OTHER,OTHER,8,1,1,"105,000", -   
154,Landslump,OTHER,OTHER,1, -   , -   ,"570,000", -   
651,LANDSLUMP,OTHER,OTHER,1, -   , -   , -   , -   
151,MUD SLIDE,OTHER,OTHER,7, -   , -   ,"600,100", -   
263,MUD SLIDES,OTHER,OTHER,1, -   , -   ,"50,000", -   
345,MUD SLIDES URBAN FLOODING,OTHER,OTHER,1, -   , -   ,"5,000", -   
684,MUD/ROCK SLIDE,OTHER,OTHER,1, -   , -   , -   , -   
126,MUDSLIDE,OTHER,OTHER,9, -   , -   ,"1,275,000", -   
692,Mudslide,OTHER,OTHER,8,4,2, -   , -   
685,MUDSLIDE/LANDSLIDE,OTHER,OTHER,1, -   , -   , -   , -   
264,MUDSLIDES,OTHER,OTHER,4, -   , -   ,"50,000", -   
693,Mudslides,OTHER,OTHER,5,1, -   , -   , -   
209,ROCK SLIDE,OTHER,OTHER,2, -   , -   ,"150,000", -   
431,BLOW-OUT TIDE,OTHER,OTHER,1, -   , -   , -   , -   
432,BLOW-OUT TIDES,OTHER,OTHER,1, -   , -   , -   , -   
130,DAM BREAK,OTHER,OTHER,4, -   , -   ,"1,002,000", -   
460,DAM FAILURE,OTHER,OTHER,1, -   , -   , -   , -   
216,DENSE SMOKE,OTHER,OTHER,10, -   , -   ,"100,000", -   
486,EARLY RAIN,OTHER,OTHER,1, -   , -   , -   , -   
71,DENSE FOG,OTHER,OTHER,"1,293",18,342,"9,674,000", -   
64,FOG,OTHER,OTHER,538,62,734,"13,155,500", -   
516,FOG AND COLD TEMPERATURES,OTHER,OTHER,1,1,1, -   , -   
701,PATCHY DENSE FOG,OTHER,OTHER,3, -   , -   , -   , -   
953,VOG,OTHER,OTHER,1, -   , -   , -   , -   
327,LANDSPOUT,OTHER,OTHER,2, -   , -   ,"7,000", -   
413,ABNORMALLY WET,OTHER,OTHER,1, -   , -   , -   , -   
465,DROWNING,OTHER,OTHER,1,1, -   , -   , -   
393,HEAVY SHOWER,OTHER,OTHER,2, -   , -   ,500, -   
575,HEAVY SHOWERS,OTHER,OTHER,1, -   , -   , -   , -   
686,"Metro Storm, May 26",OTHER,OTHER,1, -   , -   , -   , -   
680,MONTHLY PRECIPITATION,OTHER,OTHER,36, -   , -   , -   , -   
681,MONTHLY RAINFALL,OTHER,OTHER,11, -   , -   , -   , -   
689,Monthly Rainfall,OTHER,OTHER,2, -   , -   , -   , -   
682,MONTHLY SNOWFALL,OTHER,OTHER,1, -   , -   , -   , -   
690,Monthly Snowfall,OTHER,OTHER,1, -   , -   , -   , -   
683,MONTHLY TEMPERATURE,OTHER,OTHER,4, -   , -   , -   , -   
331,?,OTHER,OTHER,1, -   , -   ,"5,000", -   
332,APACHE COUNTY,OTHER,OTHER,1, -   , -   ,"5,000", -   
489,EXCESSIVE,OTHER,OTHER,1, -   , -   , -   , -   
591,HIGH,OTHER,OTHER,1, -   ,1, -   , -   
694,NEAR RECORD SNOW,OTHER,OTHER,1, -   , -   , -   , -   
700,No Severe Weather,OTHER,OTHER,1, -   , -   , -   , -   
695,NON SEVERE HAIL,OTHER,OTHER,7, -   , -   , -   , -   
696,NON TSTM WIND,OTHER,OTHER,2, -   ,1, -   , -   
697,NONE,OTHER,OTHER,2, -   , -   , -   , -   
346,NON-SEVERE WIND DAMAGE,OTHER,OTHER,1, -   ,7,"5,000", -   
277,NON-TSTM WIND,OTHER,OTHER,1, -   , -   ,"40,000", -   
698,NORMAL PRECIPITATION,OTHER,OTHER,3, -   , -   , -   , -   
699,NORTHERN LIGHTS,OTHER,OTHER,1, -   , -   , -   , -   
266,Other,OTHER,OTHER,4, -   , -   ,"50,000", -   
330,OTHER,OTHER,OTHER,48, -   ,4,"5,500","1,034,400"
801,Summary August 10,OTHER,OTHER,2, -   , -   , -   , -   
802,Summary August 11,OTHER,OTHER,2, -   , -   , -   , -   
803,Summary August 17,OTHER,OTHER,1, -   , -   , -   , -   
805,Summary August 21,OTHER,OTHER,1, -   , -   , -   , -   
804,Summary August 2-3,OTHER,OTHER,1, -   , -   , -   , -   
806,Summary August 28,OTHER,OTHER,1, -   , -   , -   , -   
807,Summary August 4,OTHER,OTHER,1, -   , -   , -   , -   
808,Summary August 7,OTHER,OTHER,1, -   , -   , -   , -   
809,Summary August 9,OTHER,OTHER,1, -   , -   , -   , -   
810,Summary Jan 17,OTHER,OTHER,1, -   , -   , -   , -   
811,Summary July 23-24,OTHER,OTHER,1, -   , -   , -   , -   
812,Summary June 18-19,OTHER,OTHER,1, -   , -   , -   , -   
813,Summary June 5-6,OTHER,OTHER,1, -   , -   , -   , -   
814,Summary June 6,OTHER,OTHER,1, -   , -   , -   , -   
820,Summary of April 12,OTHER,OTHER,2, -   , -   , -   , -   
821,Summary of April 13,OTHER,OTHER,1, -   , -   , -   , -   
822,Summary of April 21,OTHER,OTHER,2, -   , -   , -   , -   
823,Summary of April 27,OTHER,OTHER,1, -   , -   , -   , -   
824,Summary of April 3rd,OTHER,OTHER,1, -   , -   , -   , -   
825,Summary of August 1,OTHER,OTHER,1, -   , -   , -   , -   
826,Summary of July 11,OTHER,OTHER,1, -   , -   , -   , -   
827,Summary of July 2,OTHER,OTHER,1, -   , -   , -   , -   
828,Summary of July 22,OTHER,OTHER,1, -   , -   , -   , -   
829,Summary of July 26,OTHER,OTHER,1, -   , -   , -   , -   
830,Summary of July 29,OTHER,OTHER,1, -   , -   , -   , -   
831,Summary of July 3,OTHER,OTHER,1, -   , -   , -   , -   
832,Summary of June 10,OTHER,OTHER,1, -   , -   , -   , -   
833,Summary of June 11,OTHER,OTHER,1, -   , -   , -   , -   
834,Summary of June 12,OTHER,OTHER,1, -   , -   , -   , -   
835,Summary of June 13,OTHER,OTHER,2, -   , -   , -   , -   
836,Summary of June 15,OTHER,OTHER,1, -   , -   , -   , -   
837,Summary of June 16,OTHER,OTHER,1, -   , -   , -   , -   
838,Summary of June 18,OTHER,OTHER,1, -   , -   , -   , -   
839,Summary of June 23,OTHER,OTHER,1, -   , -   , -   , -   
840,Summary of June 24,OTHER,OTHER,1, -   , -   , -   , -   
841,Summary of June 3,OTHER,OTHER,2, -   , -   , -   , -   
842,Summary of June 30,OTHER,OTHER,1, -   , -   , -   , -   
843,Summary of June 4,OTHER,OTHER,1, -   , -   , -   , -   
844,Summary of June 6,OTHER,OTHER,1, -   , -   , -   , -   
845,Summary of March 14,OTHER,OTHER,1, -   , -   , -   , -   
846,Summary of March 23,OTHER,OTHER,2, -   , -   , -   , -   
847,Summary of March 24,OTHER,OTHER,1, -   , -   , -   , -   
789,SUMMARY OF MARCH 24-25,OTHER,OTHER,1, -   , -   , -   , -   
790,SUMMARY OF MARCH 27,OTHER,OTHER,1, -   , -   , -   , -   
791,SUMMARY OF MARCH 29,OTHER,OTHER,1, -   , -   , -   , -   
848,Summary of May 10,OTHER,OTHER,1, -   , -   , -   , -   
849,Summary of May 13,OTHER,OTHER,1, -   , -   , -   , -   
850,Summary of May 14,OTHER,OTHER,1, -   , -   , -   , -   
851,Summary of May 22,OTHER,OTHER,1, -   , -   , -   , -   
852,Summary of May 22 am,OTHER,OTHER,1, -   , -   , -   , -   
853,Summary of May 22 pm,OTHER,OTHER,1, -   , -   , -   , -   
854,Summary of May 26 am,OTHER,OTHER,1, -   , -   , -   , -   
855,Summary of May 26 pm,OTHER,OTHER,1, -   , -   , -   , -   
856,Summary of May 31 am,OTHER,OTHER,1, -   , -   , -   , -   
857,Summary of May 31 pm,OTHER,OTHER,1, -   , -   , -   , -   
858,Summary of May 9-10,OTHER,OTHER,1, -   , -   , -   , -   
815,Summary Sept. 25-26,OTHER,OTHER,1, -   , -   , -   , -   
816,Summary September 20,OTHER,OTHER,1, -   , -   , -   , -   
817,Summary September 23,OTHER,OTHER,2, -   , -   , -   , -   
818,Summary September 3,OTHER,OTHER,1, -   , -   , -   , -   
819,Summary September 4,OTHER,OTHER,1, -   , -   , -   , -   
859,Summary: Nov. 16,OTHER,OTHER,2, -   , -   , -   , -   
860,Summary: Nov. 6-7,OTHER,OTHER,1, -   , -   , -   , -   
861,Summary: Oct. 20-21,OTHER,OTHER,1, -   , -   , -   , -   
862,Summary: October 31,OTHER,OTHER,1, -   , -   , -   , -   
863,Summary: Sept. 18,OTHER,OTHER,1, -   , -   , -   , -   
735,RED FLAG CRITERIA,OTHER,OTHER,2, -   , -   , -   , -   
736,RED FLAG FIRE WX,OTHER,OTHER,2, -   , -   , -   , -   
136,SEICHE,OTHER,OTHER,21, -   , -   ,"980,000", -   
769,SMOKE,OTHER,OTHER,11, -   , -   , -   , -   
784,SOUTHEAST,OTHER,OTHER,1, -   , -   , -   , -   
913,Temperature record,OTHER,OTHER,43, -   , -   , -   , -   
969,WET WEATHER,OTHER,OTHER,1, -   , -   , -   , -   
980,Wet Year,OTHER,OTHER,4, -   , -   , -   , -   
177,VOLCANIC ASH,OTHER,OTHER,22, -   , -   ,"500,000", -   
956,Volcanic Ash,OTHER,OTHER,1, -   , -   , -   , -   
957,Volcanic Ash Plume,OTHER,OTHER,1, -   , -   , -   , -   
954,VOLCANIC ASHFALL,OTHER,OTHER,3, -   , -   , -   , -   
955,VOLCANIC ERUPTION,OTHER,OTHER,2, -   , -   , -   , -   
383,RIP CURRENT,OTHER,OTHER,470,368,232,"1,000", -   
206,RIP CURRENTS,OTHER,OTHER,304,204,297,"162,000", -   
738,RIP CURRENTS HEAVY SURF,OTHER,OTHER,1, -   , -   , -   , -   
739,RIP CURRENTS/HEAVY SURF,OTHER,OTHER,2,5, -   , -   , -   
39,TSUNAMI,OTHER,OTHER,20,33,129,"144,062,000","20,000"
371,DOWNBURST,THUNDERSTORM WIND,TSTM LTNG HAIL WIND,2, -   , -   ,"2,000", -   
462,DOWNBURST WINDS,THUNDERSTORM WIND,TSTM LTNG HAIL WIND,2, -   , -   , -   , -   
303,gradient wind,THUNDERSTORM WIND,TSTM LTNG HAIL WIND,2, -   , -   ,"17,000", -   
311,Gradient wind,THUNDERSTORM WIND,TSTM LTNG HAIL WIND,4, -   , -   ,"14,000", -   
329,GRADIENT WIND,THUNDERSTORM WIND,TSTM LTNG HAIL WIND,3, -   , -   ,"6,000", -   
537,GRADIENT WINDS,THUNDERSTORM WIND,TSTM LTNG HAIL WIND,8, -   , -   , -   , -   
214,GUSTNADO,THUNDERSTORM WIND,TSTM LTNG HAIL WIND,6, -   , -   ,"102,050","1,550"
538,GUSTNADO AND,THUNDERSTORM WIND,TSTM LTNG HAIL WIND,1, -   , -   , -   , -   
539,GUSTY LAKE WIND,THUNDERSTORM WIND,TSTM LTNG HAIL WIND,1, -   , -   , -   , -   
540,GUSTY THUNDERSTORM WIND,THUNDERSTORM WIND,TSTM LTNG HAIL WIND,3, -   , -   , -   , -   
541,GUSTY THUNDERSTORM WINDS,THUNDERSTORM WIND,TSTM LTNG HAIL WIND,5, -   , -   , -   , -   
186,GUSTY WIND,THUNDERSTORM WIND,TSTM LTNG HAIL WIND,23,1,1,"360,000","10,000"
542,Gusty Wind,THUNDERSTORM WIND,TSTM LTNG HAIL WIND,1, -   , -   , -   , -   
293,GUSTY WIND/HAIL,THUNDERSTORM WIND,TSTM LTNG HAIL WIND,1, -   , -   ,"20,000", -   
373,GUSTY WIND/HVY RAIN,THUNDERSTORM WIND,TSTM LTNG HAIL WIND,1, -   , -   ,"2,000", -   
374,Gusty wind/rain,THUNDERSTORM WIND,TSTM LTNG HAIL WIND,1, -   , -   ,"2,000", -   
137,Gusty Winds,THUNDERSTORM WIND,TSTM LTNG HAIL WIND,10, -   ,1,"938,000", -   
187,GUSTY WINDS,THUNDERSTORM WIND,TSTM LTNG HAIL WIND,53,4,8,"343,000","200,000"
543,Gusty winds,THUNDERSTORM WIND,TSTM LTNG HAIL WIND,2, -   ,2, -   , -   
368,HIGH  WINDS,THUNDERSTORM WIND,TSTM LTNG HAIL WIND,1, -   , -   ,"3,000", -   
10,HIGH WIND,THUNDERSTORM WIND,TSTM LTNG HAIL WIND,"20,212",248,"1,137","5,270,046,295","638,571,300"
636,High Wind,THUNDERSTORM WIND,TSTM LTNG HAIL WIND,2, -   , -   , -   , -   
300,HIGH WIND (G40),THUNDERSTORM WIND,TSTM LTNG HAIL WIND,2, -   , -   ,"18,000", -   
316,HIGH WIND 48,THUNDERSTORM WIND,TSTM LTNG HAIL WIND,1, -   ,1,"10,000", -   
597,HIGH WIND 63,THUNDERSTORM WIND,TSTM LTNG HAIL WIND,1, -   , -   , -   , -   
598,HIGH WIND 70,THUNDERSTORM WIND,TSTM LTNG HAIL WIND,1, -   , -   , -   , -   
599,HIGH WIND AND HEAVY SNOW,THUNDERSTORM WIND,TSTM LTNG HAIL WIND,1, -   , -   , -   , -   
600,HIGH WIND AND HIGH TIDES,THUNDERSTORM WIND,TSTM LTNG HAIL WIND,2, -   , -   , -   , -   
257,HIGH WIND AND SEAS,THUNDERSTORM WIND,TSTM LTNG HAIL WIND,1,3,20,"50,000", -   
129,HIGH WIND DAMAGE,THUNDERSTORM WIND,TSTM LTNG HAIL WIND,2, -   , -   ,"1,100,000", -   
601,HIGH WIND/ BLIZZARD,THUNDERSTORM WIND,TSTM LTNG HAIL WIND,1, -   , -   , -   , -   
258,HIGH WIND/BLIZZARD,THUNDERSTORM WIND,TSTM LTNG HAIL WIND,6, -   , -   ,"50,000", -   
602,HIGH WIND/BLIZZARD/FREEZING RA,THUNDERSTORM WIND,TSTM LTNG HAIL WIND,1, -   , -   , -   , -   
259,HIGH WIND/HEAVY SNOW,THUNDERSTORM WIND,TSTM LTNG HAIL WIND,3, -   ,1,"50,000", -   
603,HIGH WIND/LOW WIND CHILL,THUNDERSTORM WIND,TSTM LTNG HAIL WIND,1, -   , -   , -   , -   
170,HIGH WIND/SEAS,THUNDERSTORM WIND,TSTM LTNG HAIL WIND,1,4, -   ,"500,000", -   
604,HIGH WIND/WIND CHILL,THUNDERSTORM WIND,TSTM LTNG HAIL WIND,1, -   , -   , -   , -   
605,HIGH WIND/WIND CHILL/BLIZZARD,THUNDERSTORM WIND,TSTM LTNG HAIL WIND,1, -   , -   , -   , -   
29,HIGH WINDS,THUNDERSTORM WIND,TSTM LTNG HAIL WIND,"1,533",35,302,"608,323,748","40,720,600"
606,HIGH WINDS 55,THUNDERSTORM WIND,TSTM LTNG HAIL WIND,1, -   , -   , -   , -   
607,HIGH WINDS 57,THUNDERSTORM WIND,TSTM LTNG HAIL WIND,1, -   , -   , -   , -   
608,HIGH WINDS 58,THUNDERSTORM WIND,TSTM LTNG HAIL WIND,1, -   , -   , -   , -   
609,HIGH WINDS 63,THUNDERSTORM WIND,TSTM LTNG HAIL WIND,2, -   , -   , -   , -   
610,HIGH WINDS 66,THUNDERSTORM WIND,TSTM LTNG HAIL WIND,2, -   , -   , -   , -   
611,HIGH WINDS 67,THUNDERSTORM WIND,TSTM LTNG HAIL WIND,1, -   , -   , -   , -   
612,HIGH WINDS 73,THUNDERSTORM WIND,TSTM LTNG HAIL WIND,1, -   , -   , -   , -   
613,HIGH WINDS 76,THUNDERSTORM WIND,TSTM LTNG HAIL WIND,1, -   , -   , -   , -   
614,HIGH WINDS 80,THUNDERSTORM WIND,TSTM LTNG HAIL WIND,2, -   , -   , -   , -   
615,HIGH WINDS 82,THUNDERSTORM WIND,TSTM LTNG HAIL WIND,1, -   , -   , -   , -   
616,HIGH WINDS AND WIND CHILL,THUNDERSTORM WIND,TSTM LTNG HAIL WIND,1, -   , -   , -   , -   
617,HIGH WINDS DUST STORM,THUNDERSTORM WIND,TSTM LTNG HAIL WIND,1, -   , -   , -   , -   
83,HIGH WINDS HEAVY RAINS,THUNDERSTORM WIND,TSTM LTNG HAIL WIND,1, -   , -   ,"7,500,000","10,000"
260,HIGH WINDS/,THUNDERSTORM WIND,TSTM LTNG HAIL WIND,1, -   , -   ,"50,000", -   
99,HIGH WINDS/COASTAL FLOOD,THUNDERSTORM WIND,TSTM LTNG HAIL WIND,1, -   , -   ,"5,000,000", -   
41,HIGH WINDS/COLD,THUNDERSTORM WIND,TSTM LTNG HAIL WIND,5, -   ,4,"110,500,000","7,000,000"
618,HIGH WINDS/FLOODING,THUNDERSTORM WIND,TSTM LTNG HAIL WIND,1, -   , -   , -   , -   
338,HIGH WINDS/HEAVY RAIN,THUNDERSTORM WIND,TSTM LTNG HAIL WIND,1, -   , -   ,"5,000", -   
208,HIGH WINDS/SNOW,THUNDERSTORM WIND,TSTM LTNG HAIL WIND,3,3,6,"150,000", -   
125,MARINE HIGH WIND,THUNDERSTORM WIND,TSTM LTNG HAIL WIND,135,1,1,"1,297,010", -   
652,LARGE WALL CLOUD,THUNDERSTORM WIND,TSTM LTNG HAIL WIND,1, -   , -   , -   , -   
240,MICROBURST,THUNDERSTORM WIND,TSTM LTNG HAIL WIND,5, -   , -   ,"60,000", -   
294,Microburst,THUNDERSTORM WIND,TSTM LTNG HAIL WIND,4, -   , -   ,"20,000", -   
180,MICROBURST WINDS,THUNDERSTORM WIND,TSTM LTNG HAIL WIND,5, -   , -   ,"450,000", -   
709,RAIN AND WIND,THUNDERSTORM WIND,TSTM LTNG HAIL WIND,1, -   , -   , -   , -   
743,Rain Damage,THUNDERSTORM WIND,TSTM LTNG HAIL WIND,1, -   , -   , -   , -   
711,RAIN/WIND,THUNDERSTORM WIND,TSTM LTNG HAIL WIND,1,1, -   , -   , -   
267,RAINSTORM,THUNDERSTORM WIND,TSTM LTNG HAIL WIND,1, -   , -   ,"50,000", -   
22,SEVERE THUNDERSTORM,THUNDERSTORM WIND,TSTM LTNG HAIL WIND,13, -   , -   ,"1,205,360,000","200,000"
205,SEVERE THUNDERSTORM WINDS,THUNDERSTORM WIND,TSTM LTNG HAIL WIND,5, -   , -   ,"175,000","29,000,000"
110,SEVERE THUNDERSTORMS,THUNDERSTORM WIND,TSTM LTNG HAIL WIND,23, -   , -   ,"2,000,000","17,000,000"
268,SEVERE TURBULENCE,THUNDERSTORM WIND,TSTM LTNG HAIL WIND,1, -   , -   ,"50,000", -   
201,STORM FORCE WINDS,THUNDERSTORM WIND,TSTM LTNG HAIL WIND,1, -   , -   ,"200,000", -   
37,STRONG WIND,THUNDERSTORM WIND,TSTM LTNG HAIL WIND,"3,566",103,280,"175,241,450","64,953,500"
301,Strong Wind,THUNDERSTORM WIND,TSTM LTNG HAIL WIND,3, -   , -   ,"18,000", -   
788,STRONG WIND GUST,THUNDERSTORM WIND,TSTM LTNG HAIL WIND,2, -   , -   , -   , -   
108,STRONG WINDS,THUNDERSTORM WIND,TSTM LTNG HAIL WIND,196,7,21,"2,314,790","5,000,000"
225,Strong Winds,THUNDERSTORM WIND,TSTM LTNG HAIL WIND,7,1, -   ,"100,000", -   
800,Strong winds,THUNDERSTORM WIND,TSTM LTNG HAIL WIND,1, -   , -   , -   , -   
271,THUDERSTORM WINDS,THUNDERSTORM WIND,TSTM LTNG HAIL WIND,2, -   , -   ,"50,000","5,000"
349,THUNDEERSTORM WINDS,THUNDERSTORM WIND,TSTM LTNG HAIL WIND,2, -   , -   ,"5,000", -   
384,THUNDERESTORM WINDS,THUNDERSTORM WIND,TSTM LTNG HAIL WIND,1, -   , -   ,"1,000", -   
272,THUNDERSNOW,THUNDERSTORM WIND,TSTM LTNG HAIL WIND,1,1,1,"50,000", -   
914,Thundersnow shower,THUNDERSTORM WIND,TSTM LTNG HAIL WIND,1, -   , -   , -   , -   
138,THUNDERSTORM,THUNDERSTORM WIND,TSTM LTNG HAIL WIND,45,1,12,"920,550","1,000,000"
289,THUNDERSTORM  WINDS,THUNDERSTORM WIND,TSTM LTNG HAIL WIND,7, -   ,10,"25,000", -   
864,THUNDERSTORM DAMAGE,THUNDERSTORM WIND,TSTM LTNG HAIL WIND,2, -   , -   , -   , -   
375,THUNDERSTORM DAMAGE TO,THUNDERSTORM WIND,TSTM LTNG HAIL WIND,1, -   , -   ,"2,000", -   
350,THUNDERSTORM HAIL,THUNDERSTORM WIND,TSTM LTNG HAIL WIND,1, -   , -   ,"5,000","50,000"
865,THUNDERSTORM W INDS,THUNDERSTORM WIND,TSTM LTNG HAIL WIND,1, -   , -   , -   , -   
16,THUNDERSTORM WIND,THUNDERSTORM WIND,TSTM LTNG HAIL WIND,"82,563",133,"1,488","3,483,121,284","414,843,050"
915,Thunderstorm Wind,THUNDERSTORM WIND,TSTM LTNG HAIL WIND,1, -   , -   , -   , -   
866,THUNDERSTORM WIND (G40),THUNDERSTORM WIND,TSTM LTNG HAIL WIND,1,1, -   , -   , -   
867,THUNDERSTORM WIND 50,THUNDERSTORM WIND,TSTM LTNG HAIL WIND,2, -   , -   , -   , -   
868,THUNDERSTORM WIND 52,THUNDERSTORM WIND,TSTM LTNG HAIL WIND,1, -   , -   , -   , -   
869,THUNDERSTORM WIND 56,THUNDERSTORM WIND,TSTM LTNG HAIL WIND,1, -   , -   , -   , -   
870,THUNDERSTORM WIND 59,THUNDERSTORM WIND,TSTM LTNG HAIL WIND,1, -   , -   , -   , -   
871,THUNDERSTORM WIND 59 MPH,THUNDERSTORM WIND,TSTM LTNG HAIL WIND,1, -   , -   , -   , -   
872,THUNDERSTORM WIND 59 MPH.,THUNDERSTORM WIND,TSTM LTNG HAIL WIND,1, -   , -   , -   , -   
238,THUNDERSTORM WIND 60 MPH,THUNDERSTORM WIND,TSTM LTNG HAIL WIND,4, -   , -   ,"70,000", -   
365,THUNDERSTORM WIND 65 MPH,THUNDERSTORM WIND,TSTM LTNG HAIL WIND,1, -   , -   ,"4,000", -   
366,THUNDERSTORM WIND 65MPH,THUNDERSTORM WIND,TSTM LTNG HAIL WIND,1, -   , -   ,"4,000", -   
873,THUNDERSTORM WIND 69,THUNDERSTORM WIND,TSTM LTNG HAIL WIND,1, -   , -   , -   , -   
290,THUNDERSTORM WIND 98 MPH,THUNDERSTORM WIND,TSTM LTNG HAIL WIND,1, -   , -   ,"25,000", -   
405,THUNDERSTORM WIND G50,THUNDERSTORM WIND,TSTM LTNG HAIL WIND,4, -   , -   ,2, -   
874,THUNDERSTORM WIND G51,THUNDERSTORM WIND,TSTM LTNG HAIL WIND,1, -   , -   , -   , -   
875,THUNDERSTORM WIND G52,THUNDERSTORM WIND,TSTM LTNG HAIL WIND,2,1, -   , -   , -   
351,THUNDERSTORM WIND G55,THUNDERSTORM WIND,TSTM LTNG HAIL WIND,1, -   , -   ,"5,000", -   
876,THUNDERSTORM WIND G60,THUNDERSTORM WIND,TSTM LTNG HAIL WIND,2, -   , -   , -   ,"10,000"
877,THUNDERSTORM WIND G61,THUNDERSTORM WIND,TSTM LTNG HAIL WIND,1, -   , -   , -   , -   
367,THUNDERSTORM WIND TREES,THUNDERSTORM WIND,TSTM LTNG HAIL WIND,1, -   , -   ,"4,000", -   
878,THUNDERSTORM WIND.,THUNDERSTORM WIND,TSTM LTNG HAIL WIND,1, -   , -   , -   ,"3,000"
385,THUNDERSTORM WIND/ TREE,THUNDERSTORM WIND,TSTM LTNG HAIL WIND,1, -   , -   ,"1,000", -   
295,THUNDERSTORM WIND/ TREES,THUNDERSTORM WIND,TSTM LTNG HAIL WIND,4, -   , -   ,"20,000", -   
376,THUNDERSTORM WIND/AWNING,THUNDERSTORM WIND,TSTM LTNG HAIL WIND,1, -   , -   ,"2,000", -   
395,THUNDERSTORM WIND/HAIL,THUNDERSTORM WIND,TSTM LTNG HAIL WIND,1, -   , -   ,500, -   
352,THUNDERSTORM WIND/LIGHTNING,THUNDERSTORM WIND,TSTM LTNG HAIL WIND,1, -   , -   ,"5,000", -   
20,THUNDERSTORM WINDS,THUNDERSTORM WIND,TSTM LTNG HAIL WIND,"20,843",64,908,"1,733,459,026","190,650,792"
879,THUNDERSTORM WINDS      LE CEN,THUNDERSTORM WIND,TSTM LTNG HAIL WIND,1, -   , -   , -   , -   
273,THUNDERSTORM WINDS 13,THUNDERSTORM WIND,TSTM LTNG HAIL WIND,1, -   ,1,"50,000", -   
880,THUNDERSTORM WINDS 2,THUNDERSTORM WIND,TSTM LTNG HAIL WIND,1, -   , -   , -   , -   
881,THUNDERSTORM WINDS 50,THUNDERSTORM WIND,TSTM LTNG HAIL WIND,1, -   , -   , -   , -   
882,THUNDERSTORM WINDS 52,THUNDERSTORM WIND,TSTM LTNG HAIL WIND,1, -   , -   , -   , -   
883,THUNDERSTORM WINDS 53,THUNDERSTORM WIND,TSTM LTNG HAIL WIND,1, -   , -   , -   , -   
884,THUNDERSTORM WINDS 60,THUNDERSTORM WIND,TSTM LTNG HAIL WIND,1, -   , -   , -   , -   
885,THUNDERSTORM WINDS 61,THUNDERSTORM WIND,TSTM LTNG HAIL WIND,1, -   , -   , -   , -   
886,THUNDERSTORM WINDS 62,THUNDERSTORM WIND,TSTM LTNG HAIL WIND,1, -   , -   , -   , -   
291,THUNDERSTORM WINDS 63 MPH,THUNDERSTORM WIND,TSTM LTNG HAIL WIND,1, -   , -   ,"25,000", -   
353,THUNDERSTORM WINDS AND,THUNDERSTORM WIND,TSTM LTNG HAIL WIND,2, -   , -   ,"5,000", -   
887,THUNDERSTORM WINDS FUNNEL CLOU,THUNDERSTORM WIND,TSTM LTNG HAIL WIND,2, -   , -   , -   , -   
888,THUNDERSTORM WINDS G,THUNDERSTORM WIND,TSTM LTNG HAIL WIND,2, -   , -   , -   , -   
889,THUNDERSTORM WINDS G60,THUNDERSTORM WIND,TSTM LTNG HAIL WIND,1, -   , -   , -   ,"10,000"
145,THUNDERSTORM WINDS HAIL,THUNDERSTORM WIND,TSTM LTNG HAIL WIND,61, -   , -   ,"681,024","49,000"
890,THUNDERSTORM WINDS HEAVY RAIN,THUNDERSTORM WIND,TSTM LTNG HAIL WIND,1, -   , -   , -   , -   
203,THUNDERSTORM WINDS LIGHTNING,THUNDERSTORM WIND,TSTM LTNG HAIL WIND,7, -   , -   ,"190,500","5,000"
891,THUNDERSTORM WINDS SMALL STREA,THUNDERSTORM WIND,TSTM LTNG HAIL WIND,1, -   , -   , -   , -   
892,THUNDERSTORM WINDS URBAN FLOOD,THUNDERSTORM WIND,TSTM LTNG HAIL WIND,1, -   , -   , -   , -   
354,THUNDERSTORM WINDS.,THUNDERSTORM WIND,TSTM LTNG HAIL WIND,3, -   , -   ,"5,000", -   
296,THUNDERSTORM WINDS/ FLOOD,THUNDERSTORM WIND,TSTM LTNG HAIL WIND,2, -   , -   ,"20,000","30,000"
893,THUNDERSTORM WINDS/ HAIL,THUNDERSTORM WIND,TSTM LTNG HAIL WIND,1, -   , -   , -   , -   
894,THUNDERSTORM WINDS/FLASH FLOOD,THUNDERSTORM WIND,TSTM LTNG HAIL WIND,1, -   , -   , -   , -   
355,THUNDERSTORM WINDS/FLOODING,THUNDERSTORM WIND,TSTM LTNG HAIL WIND,1, -   , -   ,"5,000", -   
356,THUNDERSTORM WINDS/FUNNEL CLOU,THUNDERSTORM WIND,TSTM LTNG HAIL WIND,1, -   , -   ,"5,000", -   
185,THUNDERSTORM WINDS/HAIL,THUNDERSTORM WIND,TSTM LTNG HAIL WIND,24, -   ,1,"365,000","30,000"
895,THUNDERSTORM WINDS/HEAVY RAIN,THUNDERSTORM WIND,TSTM LTNG HAIL WIND,1, -   , -   , -   , -   
274,THUNDERSTORM WINDS53,THUNDERSTORM WIND,TSTM LTNG HAIL WIND,1, -   , -   ,"50,000", -   
278,THUNDERSTORM WINDSHAIL,THUNDERSTORM WIND,TSTM LTNG HAIL WIND,1, -   , -   ,"40,000", -   
114,THUNDERSTORM WINDSS,THUNDERSTORM WIND,TSTM LTNG HAIL WIND,51, -   ,4,"1,835,650","59,550"
386,THUNDERSTORM WINS,THUNDERSTORM WIND,TSTM LTNG HAIL WIND,1, -   , -   ,"1,000", -   
357,THUNDERSTORMS,THUNDERSTORM WIND,TSTM LTNG HAIL WIND,4, -   , -   ,"5,000","5,000"
305,THUNDERSTORMS WIND,THUNDERSTORM WIND,TSTM LTNG HAIL WIND,6, -   , -   ,"15,500","5,000"
156,THUNDERSTORMS WINDS,THUNDERSTORM WIND,TSTM LTNG HAIL WIND,14, -   ,1,"513,050","1,000"
210,THUNDERSTORMW,THUNDERSTORM WIND,TSTM LTNG HAIL WIND,1, -   ,27,"125,000", -   
896,THUNDERSTORMW 50,THUNDERSTORM WIND,TSTM LTNG HAIL WIND,1, -   , -   , -   , -   
897,THUNDERSTORMW WINDS,THUNDERSTORM WIND,TSTM LTNG HAIL WIND,3, -   , -   , -   , -   
396,THUNDERSTORMWINDS,THUNDERSTORM WIND,TSTM LTNG HAIL WIND,1, -   , -   ,500, -   
358,THUNDERSTROM WIND,THUNDERSTORM WIND,TSTM LTNG HAIL WIND,1, -   , -   ,"5,000", -   
898,THUNDERSTROM WINDS,THUNDERSTORM WIND,TSTM LTNG HAIL WIND,2, -   , -   , -   , -   
150,THUNDERTORM WINDS,THUNDERSTORM WIND,TSTM LTNG HAIL WIND,3,1, -   ,"606,000", -   
899,THUNDERTSORM WIND,THUNDERSTORM WIND,TSTM LTNG HAIL WIND,1, -   , -   , -   , -   
900,THUNDESTORM WINDS,THUNDERSTORM WIND,TSTM LTNG HAIL WIND,2, -   , -   , -   , -   
387,THUNERSTORM WINDS,THUNDERSTORM WIND,TSTM LTNG HAIL WIND,1, -   , -   ,"1,000", -   
907,TSTM,THUNDERSTORM WIND,TSTM LTNG HAIL WIND,1, -   , -   , -   , -   
908,TSTM HEAVY RAIN,THUNDERSTORM WIND,TSTM LTNG HAIL WIND,3, -   , -   , -   , -   
79, TSTM WIND,THUNDERSTORM WIND,TSTM LTNG HAIL WIND,4, -   , -   ,"8,100,000", -   
14,TSTM WIND,THUNDERSTORM WIND,TSTM LTNG HAIL WIND,"219,940",504,"6,957","4,484,928,495","554,007,350"
287,Tstm Wind,THUNDERSTORM WIND,TSTM LTNG HAIL WIND,2, -   , -   ,"30,000", -   
359,TSTM WIND  (G45),THUNDERSTORM WIND,TSTM LTNG HAIL WIND,1, -   , -   ,"5,000", -   
326,TSTM WIND (41),THUNDERSTORM WIND,TSTM LTNG HAIL WIND,1, -   , -   ,"8,000", -   
285,TSTM WIND (G35),THUNDERSTORM WIND,TSTM LTNG HAIL WIND,1,1, -   ,"30,000", -   
276,TSTM WIND (G40),THUNDERSTORM WIND,TSTM LTNG HAIL WIND,10, -   ,1,"45,000", -   
325, TSTM WIND (G45),THUNDERSTORM WIND,TSTM LTNG HAIL WIND,1, -   , -   ,"8,000", -   
195,TSTM WIND (G45),THUNDERSTORM WIND,TSTM LTNG HAIL WIND,39, -   ,3,"221,500", -   
388,TSTM WIND 40,THUNDERSTORM WIND,TSTM LTNG HAIL WIND,1, -   , -   ,"1,000", -   
320,TSTM WIND 45,THUNDERSTORM WIND,TSTM LTNG HAIL WIND,1, -   , -   ,"10,000", -   
909,TSTM WIND 50,THUNDERSTORM WIND,TSTM LTNG HAIL WIND,1, -   , -   , -   , -   
910,TSTM WIND 51,THUNDERSTORM WIND,TSTM LTNG HAIL WIND,2, -   , -   , -   , -   
911,TSTM WIND 52,THUNDERSTORM WIND,TSTM LTNG HAIL WIND,5, -   , -   , -   , -   
286,TSTM WIND 55,THUNDERSTORM WIND,TSTM LTNG HAIL WIND,3, -   , -   ,"30,000", -   
297,TSTM WIND 65),THUNDERSTORM WIND,TSTM LTNG HAIL WIND,1, -   , -   ,"20,000", -   
230,TSTM WIND AND LIGHTNING,THUNDERSTORM WIND,TSTM LTNG HAIL WIND,1, -   , -   ,"80,000", -   
360,TSTM WIND DAMAGE,THUNDERSTORM WIND,TSTM LTNG HAIL WIND,1, -   , -   ,"5,000", -   
389,TSTM WIND G45,THUNDERSTORM WIND,TSTM LTNG HAIL WIND,1, -   , -   ,"1,000", -   
226,TSTM WIND G58,THUNDERSTORM WIND,TSTM LTNG HAIL WIND,1, -   , -   ,"100,000", -   
54,TSTM WIND/HAIL,THUNDERSTORM WIND,TSTM LTNG HAIL WIND,"1,028",5,95,"44,335,500","64,696,250"
242,TSTM WINDS,THUNDERSTORM WIND,TSTM LTNG HAIL WIND,6, -   , -   ,"59,000", -   
912,TSTM WND,THUNDERSTORM WIND,TSTM LTNG HAIL WIND,1, -   , -   , -   , -   
275,TSTMW,THUNDERSTORM WIND,TSTM LTNG HAIL WIND,1, -   , -   ,"50,000", -   
410, WIND,THUNDERSTORM WIND,TSTM LTNG HAIL WIND,1, -   , -   , -   , -   
76,WIND,THUNDERSTORM WIND,TSTM LTNG HAIL WIND,340,23,86,"8,684,500","300,000"
323,Wind,THUNDERSTORM WIND,TSTM LTNG HAIL WIND,6, -   , -   ,"10,000", -   
970,WIND ADVISORY,THUNDERSTORM WIND,TSTM LTNG HAIL WIND,12, -   , -   , -   , -   
231,WIND DAMAGE,THUNDERSTORM WIND,TSTM LTNG HAIL WIND,27, -   , -   ,"77,000","50,005"
324,Wind Damage,THUNDERSTORM WIND,TSTM LTNG HAIL WIND,4, -   , -   ,"10,000", -   
973,WIND GUSTS,THUNDERSTORM WIND,TSTM LTNG HAIL WIND,3, -   , -   , -   , -   
191,WIND STORM,THUNDERSTORM WIND,TSTM LTNG HAIL WIND,1,1, -   ,"300,000", -   
398,WIND/HAIL,THUNDERSTORM WIND,TSTM LTNG HAIL WIND,1, -   , -   ,500, -   
149,WINDS,THUNDERSTORM WIND,TSTM LTNG HAIL WIND,36,1,1,"646,000","505,000"
978,WND,THUNDERSTORM WIND,TSTM LTNG HAIL WIND,1, -   , -   , -   , -   
236,TUNDERSTORM WIND,THUNDERSTORM WIND,TSTM LTNG HAIL WIND,1, -   , -   ,"75,000", -   
958,WAKE LOW WIND,THUNDERSTORM WIND,TSTM LTNG HAIL WIND,2, -   , -   , -   , -   
959,WALL CLOUD,THUNDERSTORM WIND,TSTM LTNG HAIL WIND,5, -   , -   , -   , -   
960,WALL CLOUD/FUNNEL CLOUD,THUNDERSTORM WIND,TSTM LTNG HAIL WIND,1, -   , -   , -   , -   
985,wet micoburst,THUNDERSTORM WIND,TSTM LTNG HAIL WIND,1, -   , -   , -   , -   
281,WET MICROBURST,THUNDERSTORM WIND,TSTM LTNG HAIL WIND,6, -   , -   ,"35,000", -   
979,Wet Month,THUNDERSTORM WIND,TSTM LTNG HAIL WIND,4, -   , -   , -   , -   
522,FUNNEL,TORNADO,TORNADO,46, -   , -   , -   , -   
202,FUNNEL CLOUD,TORNADO,TORNADO,"6,839", -   ,3,"194,600", -   
535,Funnel Cloud,TORNADO,TORNADO,5, -   , -   , -   , -   
523,FUNNEL CLOUD.,TORNADO,TORNADO,1, -   , -   , -   , -   
524,FUNNEL CLOUD/HAIL,TORNADO,TORNADO,1, -   , -   , -   , -   
525,FUNNEL CLOUDS,TORNADO,TORNADO,87, -   , -   , -   , -   
526,FUNNELS,TORNADO,TORNADO,1, -   , -   , -   , -   
741,ROTATING WALL CLOUD,TORNADO,TORNADO,5, -   , -   , -   , -   
3,TORNADO,TORNADO,TORNADO,"60,652","5,633","91,346","56,925,660,790","414,953,270"
902,TORNADO DEBRIS,TORNADO,TORNADO,1, -   , -   , -   , -   
232,TORNADO F0,TORNADO,TORNADO,19, -   , -   ,"76,200","7,200"
107,TORNADO F1,TORNADO,TORNADO,4, -   , -   ,"2,370,000", -   
119,TORNADO F2,TORNADO,TORNADO,3, -   ,16,"1,600,000", -   
142,TORNADO F3,TORNADO,TORNADO,2, -   ,2,"725,000", -   
903,TORNADO/WATERSPOUT,TORNADO,TORNADO,1, -   , -   , -   , -   
904,TORNADOES,TORNADO,TORNADO,2, -   , -   , -   ,"1,000"
21,"TORNADOES, TSTM WIND, HAIL",TORNADO,TORNADO,1,25, -   ,"1,600,000,000","2,500,000"
905,TORNADOS,TORNADO,TORNADO,1, -   , -   , -   , -   
397,TORNDAO,TORNADO,TORNADO,1, -   , -   ,500, -   
963,WATER SPOUT,TORNADO,TORNADO,1, -   , -   , -   , -   
409, WATERSPOUT,TORNADO,TORNADO,1, -   , -   , -   , -   
74,WATERSPOUT,TORNADO,TORNADO,"3,796",3,29,"9,353,700", -   
196,WATERSPOUT-,TORNADO,TORNADO,10, -   , -   ,"210,500", -   
964,WATERSPOUT FUNNEL CLOUD,TORNADO,TORNADO,1, -   , -   , -   , -   
279,WATERSPOUT TORNADO,TORNADO,TORNADO,1, -   ,1,"40,000", -   
965,WATERSPOUT/,TORNADO,TORNADO,1, -   , -   , -   , -   
390,WATERSPOUT/ TORNADO,TORNADO,TORNADO,2, -   , -   ,"1,000", -   
52,WATERSPOUT/TORNADO,TORNADO,TORNADO,8,3,42,"51,110,000", -   
966,WATERSPOUTS,TORNADO,TORNADO,37, -   , -   , -   , -   
309,WATERSPOUT-TORNADO,TORNADO,TORNADO,2, -   , -   ,"15,000", -   
967,WAYTERSPOUT,TORNADO,TORNADO,1, -   , -   , -   , -   
328,WHIRLWIND,TORNADO,TORNADO,1, -   , -   ,"7,000", -   
363,Whirlwind,TORNADO,TORNADO,2,1, -   ,"5,000", -   
117,TROPICAL DEPRESSION,TROPICAL STORM,HURRICANE TROP STORM,60, -   , -   ,"1,737,000", -   
8,TROPICAL STORM,TROPICAL STORM,HURRICANE TROP STORM,690,58,340,"7,703,890,550","678,346,000"
102,TROPICAL STORM ALBERTO,TROPICAL STORM,HURRICANE TROP STORM,1, -   , -   ,"5,000,000", -   
183,TROPICAL STORM DEAN,TROPICAL STORM,HURRICANE TROP STORM,2, -   , -   ,"400,000","50,000"
176,TROPICAL STORM GORDON,TROPICAL STORM,HURRICANE TROP STORM,1,8,43,"500,000","500,000"
104,TROPICAL STORM JERRY,TROPICAL STORM,HURRICANE TROP STORM,3, -   , -   ,"4,600,000","16,000,000"
30,TYPHOON,TROPICAL STORM,HURRICANE TROP STORM,11, -   ,5,"600,230,000","825,000"
243,BRUSH FIRE,WILD/FOREST FIRE,DRY HOT FIRE,3, -   ,2,"55,000", -   
437,BRUSH FIRES,WILD/FOREST FIRE,DRY HOT FIRE,1, -   , -   , -   , -   
94,FOREST FIRES,WILD/FOREST FIRE,DRY HOT FIRE,1, -   , -   ,"5,000,000","500,000"
315,GRASS FIRES,WILD/FOREST FIRE,DRY HOT FIRE,1, -   , -   ,"10,000", -   
28,WILD FIRES,WILD/FOREST FIRE,DRY HOT FIRE,4,3,150,"624,100,000", -   
18,WILD/FOREST FIRE,WILD/FOREST FIRE,DRY HOT FIRE,"1,457",12,545,"3,001,829,500","106,796,830"
298,WILD/FOREST FIRES,WILD/FOREST FIRE,DRY HOT FIRE,1, -   , -   ,"20,000","12,000"
12,WILDFIRE,WILD/FOREST FIRE,DRY HOT FIRE,"2,761",75,911,"4,765,114,000","295,472,800"
45,WILDFIRES,WILD/FOREST FIRE,DRY HOT FIRE,8, -   , -   ,"100,500,000","500,000"
414,ACCUMULATED SNOWFALL,WINTER STORM,WNTR STORM COLD,4, -   , -   , -   , -   
424,BLACK ICE,WINTER STORM,WNTR STORM COLD,14,1,24, -   , -   
438,Black Ice,WINTER STORM,WNTR STORM COLD,3, -   , -   , -   , -   
27,BLIZZARD,WINTER STORM,WNTR STORM COLD,"2,719",101,805,"659,213,950","112,060,000"
425,BLIZZARD AND EXTREME WIND CHIL,WINTER STORM,WNTR STORM COLD,2, -   , -   , -   , -   
426,BLIZZARD AND HEAVY SNOW,WINTER STORM,WNTR STORM COLD,1, -   , -   , -   , -   
439,Blizzard Summary,WINTER STORM,WNTR STORM COLD,1, -   , -   , -   , -   
427,BLIZZARD WEATHER,WINTER STORM,WNTR STORM COLD,1, -   , -   , -   , -   
428,BLIZZARD/FREEZING RAIN,WINTER STORM,WNTR STORM COLD,1, -   , -   , -   , -   
429,BLIZZARD/HEAVY SNOW,WINTER STORM,WNTR STORM COLD,2, -   , -   , -   , -   
430,BLIZZARD/HIGH WIND,WINTER STORM,WNTR STORM COLD,1, -   , -   , -   , -   
158,BLIZZARD/WINTER STORM,WINTER STORM,WNTR STORM COLD,1, -   , -   ,"500,000", -   
24,HEAVY SNOW,WINTER STORM,WNTR STORM COLD,"15,708",127,"1,021","932,589,142","134,653,100"
576,HEAVY SNOW   FREEZING RAIN,WINTER STORM,WNTR STORM COLD,1, -   , -   , -   , -   
577,HEAVY SNOW & ICE,WINTER STORM,WNTR STORM COLD,1, -   , -   , -   , -   
578,HEAVY SNOW AND,WINTER STORM,WNTR STORM COLD,1, -   , -   , -   , -   
579,HEAVY SNOW AND HIGH WINDS,WINTER STORM,WNTR STORM COLD,2,2, -   , -   , -   
580,HEAVY SNOW AND ICE,WINTER STORM,WNTR STORM COLD,2, -   , -   , -   , -   
581,HEAVY SNOW AND ICE STORM,WINTER STORM,WNTR STORM COLD,2, -   , -   , -   , -   
118,HEAVY SNOW AND STRONG WINDS,WINTER STORM,WNTR STORM COLD,1, -   , -   ,"1,700,000", -   
582,HEAVY SNOW ANDBLOWING SNOW,WINTER STORM,WNTR STORM COLD,1, -   , -   , -   , -   
317,Heavy snow shower,WINTER STORM,WNTR STORM COLD,1, -   ,2,"10,000", -   
144,HEAVY SNOW SQUALLS,WINTER STORM,WNTR STORM COLD,32, -   , -   ,"685,010", -   
254,HEAVY SNOW/BLIZZARD,WINTER STORM,WNTR STORM COLD,3, -   , -   ,"50,000", -   
96,HEAVY SNOW/BLIZZARD/AVALANCHE,WINTER STORM,WNTR STORM COLD,1, -   ,1,"5,000,000", -   
583,HEAVY SNOW/BLOWING SNOW,WINTER STORM,WNTR STORM COLD,1, -   , -   , -   , -   
97,HEAVY SNOW/FREEZING RAIN,WINTER STORM,WNTR STORM COLD,2, -   , -   ,"5,000,000", -   
584,HEAVY SNOW/HIGH,WINTER STORM,WNTR STORM COLD,1, -   , -   , -   , -   
585,HEAVY SNOW/HIGH WIND,WINTER STORM,WNTR STORM COLD,1, -   , -   , -   , -   
586,HEAVY SNOW/HIGH WINDS,WINTER STORM,WNTR STORM COLD,1, -   , -   , -   , -   
120,HEAVY SNOW/HIGH WINDS & FLOOD,WINTER STORM,WNTR STORM COLD,1, -   , -   ,"1,500,000","20,000"
587,HEAVY SNOW/HIGH WINDS/FREEZING,WINTER STORM,WNTR STORM COLD,1, -   , -   , -   , -   
148,HEAVY SNOW/ICE,WINTER STORM,WNTR STORM COLD,5, -   ,10,"655,000", -   
588,HEAVY SNOW/ICE STORM,WINTER STORM,WNTR STORM COLD,2, -   , -   , -   , -   
589,HEAVY SNOW/SLEET,WINTER STORM,WNTR STORM COLD,1, -   , -   , -   , -   
219,HEAVY SNOW/SQUALLS,WINTER STORM,WNTR STORM COLD,2, -   , -   ,"100,000", -   
255,HEAVY SNOW/WIND,WINTER STORM,WNTR STORM COLD,1, -   , -   ,"50,000", -   
169,HEAVY SNOW/WINTER STORM,WINTER STORM,WNTR STORM COLD,1, -   , -   ,"500,000", -   
98,HEAVY SNOWPACK,WINTER STORM,WNTR STORM COLD,1, -   , -   ,"5,000,000", -   
228,HEAVY SNOW-SQUALLS,WINTER STORM,WNTR STORM COLD,15, -   , -   ,"88,000", -   
590,HEAVY WET SNOW,WINTER STORM,WNTR STORM COLD,1, -   , -   , -   , -   
262,Lake Effect Snow,WINTER STORM,WNTR STORM COLD,2, -   , -   ,"50,000", -   
302,LAKE EFFECT SNOW,WINTER STORM,WNTR STORM COLD,21, -   , -   ,"17,000", -   
282,LAKE FLOOD,WINTER STORM,WNTR STORM COLD,1, -   , -   ,"30,000", -   
55,LAKE-EFFECT SNOW,WINTER STORM,WNTR STORM COLD,636, -   , -   ,"40,115,000", -   
310,blowing snow,WINTER STORM,WNTR STORM COLD,2,1,1,"15,000", -   
433,BLOWING SNOW,WINTER STORM,WNTR STORM COLD,12,1,13, -   , -   
440,Blowing Snow,WINTER STORM,WNTR STORM COLD,3, -   , -   , -   , -   
434,BLOWING SNOW & EXTREME WIND CH,WINTER STORM,WNTR STORM COLD,2, -   , -   , -   , -   
435,BLOWING SNOW- EXTREME WIND CHI,WINTER STORM,WNTR STORM COLD,1, -   , -   , -   , -   
436,BLOWING SNOW/EXTREME WIND CHIL,WINTER STORM,WNTR STORM COLD,1, -   , -   , -   , -   
483,Drifting Snow,WINTER STORM,WNTR STORM COLD,1, -   , -   , -   , -   
487,EARLY SNOW,WINTER STORM,WNTR STORM COLD,3, -   , -   , -   , -   
488,EARLY SNOWFALL,WINTER STORM,WNTR STORM COLD,5, -   , -   , -   , -   
502,Early snowfall,WINTER STORM,WNTR STORM COLD,2, -   , -   , -   , -   
112,EXCESSIVE SNOW,WINTER STORM,WNTR STORM COLD,25, -   ,2,"1,935,000", -   
505,FALLING SNOW/ICE,WINTER STORM,WNTR STORM COLD,2,1,1, -   , -   
506,FIRST FROST,WINTER STORM,WNTR STORM COLD,1, -   , -   , -   , -   
507,FIRST SNOW,WINTER STORM,WNTR STORM COLD,9, -   , -   , -   , -   
218,GROUND BLIZZARD,WINTER STORM,WNTR STORM COLD,2, -   , -   ,"100,000", -   
166,HEAVY LAKE SNOW,WINTER STORM,WNTR STORM COLD,25, -   , -   ,"500,000", -   
123,HEAVY MIX,WINTER STORM,WNTR STORM COLD,8, -   , -   ,"1,305,000", -   
139,GLAZE,WINTER STORM,WNTR STORM COLD,32,7,216,"910,000", -   
227,Glaze,WINTER STORM,WNTR STORM COLD,11, -   , -   ,"90,000", -   
190,GLAZE ICE,WINTER STORM,WNTR STORM COLD,2, -   , -   ,"304,500",800
536,GLAZE/ICE STORM,WINTER STORM,WNTR STORM COLD,1, -   ,15, -   , -   
65,ICE,WINTER STORM,WNTR STORM COLD,61,6,137,"12,655,000", -   
100,ICE AND SNOW,WINTER STORM,WNTR STORM COLD,1, -   , -   ,"5,000,000", -   
220,ICE FLOES,WINTER STORM,WNTR STORM COLD,2, -   , -   ,"100,000", -   
645,Ice Fog,WINTER STORM,WNTR STORM COLD,2, -   , -   , -   , -   
339,ICE JAM,WINTER STORM,WNTR STORM COLD,4, -   , -   ,"5,000", -   
382,Ice jam flood (minor,WINTER STORM,WNTR STORM COLD,1, -   , -   ,"1,000", -   
90,ICE JAM FLOODING,WINTER STORM,WNTR STORM COLD,5, -   , -   ,"5,516,000","5,000,000"
640,ICE ON ROAD,WINTER STORM,WNTR STORM COLD,1,1, -   , -   , -   
641,ICE PELLETS,WINTER STORM,WNTR STORM COLD,1, -   , -   , -   , -   
313,ICE ROADS,WINTER STORM,WNTR STORM COLD,1, -   ,1,"12,000", -   
15,ICE STORM,WINTER STORM,WNTR STORM COLD,"2,006",89,"1,975","3,944,927,860","5,022,113,500"
642,ICE STORM AND SNOW,WINTER STORM,WNTR STORM COLD,1, -   , -   , -   , -   
643,ICE STORM/FLASH FLOOD,WINTER STORM,WNTR STORM COLD,1, -   ,2, -   , -   
644,ICE/SNOW,WINTER STORM,WNTR STORM COLD,3, -   , -   , -   , -   
646,Ice/Snow,WINTER STORM,WNTR STORM COLD,2, -   , -   , -   , -   
106,ICE/STRONG WINDS,WINTER STORM,WNTR STORM COLD,1, -   , -   ,"3,500,000", -   
647,Icestorm/Blizzard,WINTER STORM,WNTR STORM COLD,1, -   , -   , -   , -   
188,ICY ROADS,WINTER STORM,WNTR STORM COLD,28,5,31,"341,200", -   
648,Icy Roads,WINTER STORM,WNTR STORM COLD,4, -   , -   , -   , -   
179,LIGHT FREEZING RAIN,WINTER STORM,WNTR STORM COLD,23, -   , -   ,"451,000", -   
755,SLEET,WINTER STORM,WNTR STORM COLD,59,2, -   , -   , -   
756,SLEET & FREEZING RAIN,WINTER STORM,WNTR STORM COLD,1, -   , -   , -   , -   
757,SLEET STORM,WINTER STORM,WNTR STORM COLD,12, -   , -   , -   , -   
758,SLEET/FREEZING RAIN,WINTER STORM,WNTR STORM COLD,2, -   , -   , -   , -   
173,SLEET/ICE STORM,WINTER STORM,WNTR STORM COLD,1, -   , -   ,"500,000", -   
759,SLEET/RAIN/SNOW,WINTER STORM,WNTR STORM COLD,1, -   , -   , -   , -   
760,SLEET/SNOW,WINTER STORM,WNTR STORM COLD,2, -   , -   , -   , -   
113,LIGHT SNOW,WINTER STORM,WNTR STORM COLD,154,1,2,"1,918,000", -   
153,Light Snow,WINTER STORM,WNTR STORM COLD,21, -   , -   ,"590,000", -   
343,Light snow,WINTER STORM,WNTR STORM COLD,1, -   , -   ,"5,000", -   
656,LIGHT SNOW AND SLEET,WINTER STORM,WNTR STORM COLD,2, -   , -   , -   , -   
672,Light Snow/Flurries,WINTER STORM,WNTR STORM COLD,3, -   , -   , -   , -   
657,LIGHT SNOW/FREEZING PRECIP,WINTER STORM,WNTR STORM COLD,1, -   , -   , -   , -   
229,Light Snowfall,WINTER STORM,WNTR STORM COLD,1, -   , -   ,"85,000", -   
677,MIXED PRECIP,WINTER STORM,WNTR STORM COLD,10,2,26, -   , -   
155,MIXED PRECIPITATION,WINTER STORM,WNTR STORM COLD,34, -   , -   ,"555,000", -   
193,Mixed Precipitation,WINTER STORM,WNTR STORM COLD,3, -   , -   ,"235,000", -   
678,MODERATE SNOW,WINTER STORM,WNTR STORM COLD,1, -   , -   , -   , -   
679,MODERATE SNOWFALL,WINTER STORM,WNTR STORM COLD,101, -   , -   , -   , -   
691,Mountain Snows,WINTER STORM,WNTR STORM COLD,1, -   , -   , -   , -   
702,PATCHY ICE,WINTER STORM,WNTR STORM COLD,1, -   , -   , -   , -   
710,RAIN/SNOW,WINTER STORM,WNTR STORM COLD,5,4,2, -   , -   
747,Record May Snow,WINTER STORM,WNTR STORM COLD,1, -   , -   , -   , -   
133,RECORD SNOW,WINTER STORM,WNTR STORM COLD,8, -   , -   ,"1,000,000", -   
726,RECORD SNOW/COLD,WINTER STORM,WNTR STORM COLD,1, -   , -   , -   , -   
727,RECORD SNOWFALL,WINTER STORM,WNTR STORM COLD,6, -   , -   , -   , -   
750,Record Winter Snow,WINTER STORM,WNTR STORM COLD,3, -   , -   , -   , -   
793,Seasonal Snowfall,WINTER STORM,WNTR STORM COLD,1, -   , -   , -   , -   
62,SNOW,WINTER STORM,WNTR STORM COLD,587,5,29,"14,762,550","10,000"
239,Snow,WINTER STORM,WNTR STORM COLD,30, -   ,2,"65,000", -   
347,SNOW ACCUMULATION,WINTER STORM,WNTR STORM COLD,1, -   , -   ,"5,000", -   
796,Snow Accumulation,WINTER STORM,WNTR STORM COLD,1, -   , -   , -   , -   
770,SNOW ADVISORY,WINTER STORM,WNTR STORM COLD,1, -   , -   , -   , -   
771,SNOW AND COLD,WINTER STORM,WNTR STORM COLD,2, -   , -   , -   , -   
221,SNOW AND HEAVY SNOW,WINTER STORM,WNTR STORM COLD,2, -   , -   ,"100,000", -   
401,SNOW AND ICE,WINTER STORM,WNTR STORM COLD,33,4,1,50, -   
797,Snow and Ice,WINTER STORM,WNTR STORM COLD,1, -   , -   , -   , -   
174,SNOW AND ICE STORM,WINTER STORM,WNTR STORM COLD,1, -   , -   ,"500,000", -   
772,SNOW AND SLEET,WINTER STORM,WNTR STORM COLD,4, -   , -   , -   , -   
798,Snow and sleet,WINTER STORM,WNTR STORM COLD,1, -   , -   , -   , -   
773,SNOW AND WIND,WINTER STORM,WNTR STORM COLD,1, -   , -   , -   , -   
774,SNOW DROUGHT,WINTER STORM,WNTR STORM COLD,7, -   , -   , -   , -   
124,SNOW FREEZING RAIN,WINTER STORM,WNTR STORM COLD,11, -   , -   ,"1,305,000", -   
777,SNOW- HIGH WIND- WIND CHILL,WINTER STORM,WNTR STORM COLD,1, -   , -   , -   , -   
775,SNOW SHOWERS,WINTER STORM,WNTR STORM COLD,6, -   , -   , -   , -   
776,SNOW SLEET,WINTER STORM,WNTR STORM COLD,1, -   , -   , -   , -   
146,SNOW SQUALL,WINTER STORM,WNTR STORM COLD,19,2,35,"680,000", -   
147,SNOW SQUALLS,WINTER STORM,WNTR STORM COLD,17, -   , -   ,"680,000", -   
245,Snow Squalls,WINTER STORM,WNTR STORM COLD,4,1, -   ,"55,000", -   
799,Snow squalls,WINTER STORM,WNTR STORM COLD,1, -   , -   , -   , -   
269,SNOW/ BITTER COLD,WINTER STORM,WNTR STORM COLD,1,1, -   ,"50,000", -   
348,SNOW/ ICE,WINTER STORM,WNTR STORM COLD,1, -   , -   ,"5,000", -   
270,SNOW/BLOWING SNOW,WINTER STORM,WNTR STORM COLD,7, -   , -   ,"50,000", -   
134,SNOW/COLD,WINTER STORM,WNTR STORM COLD,2, -   , -   ,"1,000,000", -   
128,SNOW/FREEZING RAIN,WINTER STORM,WNTR STORM COLD,6, -   , -   ,"1,200,000", -   
175,SNOW/HEAVY SNOW,WINTER STORM,WNTR STORM COLD,1, -   , -   ,"500,000", -   
222,SNOW/HIGH WINDS,WINTER STORM,WNTR STORM COLD,2, -   ,36,"100,000", -   
284,SNOW/ICE,WINTER STORM,WNTR STORM COLD,7, -   , -   ,"30,000", -   
223,SNOW/ICE STORM,WINTER STORM,WNTR STORM COLD,17, -   , -   ,"100,000", -   
778,SNOW/RAIN,WINTER STORM,WNTR STORM COLD,1, -   , -   , -   , -   
779,SNOW/RAIN/SLEET,WINTER STORM,WNTR STORM COLD,1, -   , -   , -   , -   
122,SNOW/SLEET,WINTER STORM,WNTR STORM COLD,10, -   , -   ,"1,350,000", -   
224,SNOW/SLEET/FREEZING RAIN,WINTER STORM,WNTR STORM COLD,6, -   , -   ,"100,000", -   
780,SNOW/SLEET/RAIN,WINTER STORM,WNTR STORM COLD,1, -   , -   , -   , -   
783,SNOW\COLD,WINTER STORM,WNTR STORM COLD,1, -   , -   , -   , -   
781,SNOWFALL RECORD,WINTER STORM,WNTR STORM COLD,1, -   , -   , -   , -   
93,SNOWMELT FLOODING,WINTER STORM,WNTR STORM COLD,5, -   , -   ,"5,050,000", -   
782,SNOWSTORM,WINTER STORM,WNTR STORM COLD,1, -   , -   , -   , -   
933,UNUSUALLY LATE SNOW,WINTER STORM,WNTR STORM COLD,1, -   , -   , -   , -   
968,WET SNOW,WINTER STORM,WNTR STORM COLD,1, -   , -   , -   , -   
974,WINTER MIX,WINTER STORM,WNTR STORM COLD,3, -   , -   , -   , -   
9,WINTER STORM,WINTER STORM,WNTR STORM COLD,"11,433",206,"1,321","6,688,497,251","26,944,000"
49,WINTER STORM HIGH WINDS,WINTER STORM,WNTR STORM COLD,1,1,15,"60,000,000","5,000,000"
975,WINTER STORM/HIGH WIND,WINTER STORM,WNTR STORM COLD,1, -   , -   , -   , -   
976,WINTER STORM/HIGH WINDS,WINTER STORM,WNTR STORM COLD,1, -   , -   , -   , -   
178,WINTER STORMS,WINTER STORM,WNTR STORM COLD,3,10,17,"500,000","500,000"
57,WINTER WEATHER,WINTER STORM,WNTR STORM COLD,"7,026",33,398,"20,866,000","15,000,000"
981,Winter Weather,WINTER STORM,WNTR STORM COLD,19, -   , -   , -   , -   
241,WINTER WEATHER MIX,WINTER STORM,WNTR STORM COLD,6, -   ,68,"60,000", -   
85,WINTER WEATHER/MIX,WINTER STORM,WNTR STORM COLD,"1,104",28,72,"6,372,000", -   
977,WINTERY MIX,WINTER STORM,WNTR STORM COLD,2, -   , -   , -   , -   
322,WINTRY MIX,WINTER STORM,WNTR STORM COLD,90,1,77,"10,000", -   
370,Wintry Mix,WINTER STORM,WNTR STORM COLD,1, -   , -   ,"2,500", -   
982,Wintry mix,WINTER STORM,WNTR STORM COLD,3, -   , -   , -   , -   
